ruler,regnalyear,jyear,1,2,3,4,5,6,7,8,9,10,11,12,13
NABOPOLASSAR,0,-626,4/5,5/5,6/4,7/3,8/2,8/31,9/29,10/29,11/27,12/27,1/25,2/24
NABOPOLASSAR,1,-625,3/24,4/23,5/23,6/21,7/21,8/20,9/18,10/18,11/16,12/16,1/14,2/13,3/14
NABOPOLASSAR,2,-624,4/12,5/12,6/10,7/10,8/8,9/7,10/7,11/5,12/4,1/3,2/2,3/3
NABOPOLASSAR,3,-623,4/2,5/1,5/30,6/29,7/29,8/27,9/26,10/25,11/24,12/23,1/22,2/20
NABOPOLASSAR,4,-622,3/22,4/20,5/20,6/19,7/18,8/17,9/15,10/15,11/14,12/13,1/12,2/11,3/11
NABOPOLASSAR,5,-621,4/9,5/9,6/7,7/6,8/5,9/3,10/3,11/2,12/2,1/1,1/30,3/1
NABOPOLASSAR,6,-620,3/30,4/28,5/28,6/26,7/25,8/24,9/23,10/22,11/21,12/21,1/19,2/18
NABOPOLASSAR,7,-619,3/19,4/18,5/17,6/16,7/15,8/13,9/12,10/11,11/10,12/9,1/8,2/6,3/8
NABOPOLASSAR,8,-618,4/7,5/7,6/5,7/5,8/3,9/1,10/1,10/30,11/29,12/28,1/27,2/25
NABOPOLASSAR,9,-617,3/26,4/24,5/24,6/22,7/22,8/20,9/19,10/19,11/17,12/17,1/15,2/13
NABOPOLASSAR,10,-616,3/15,4/14,5/13,6/12,7/11,8/10,9/9,10/8,11/7,12/6,1/4,2/3,3/4
NABOPOLASSAR,11,-615,4/3,5/3,6/1,7/1,7/30,8/29,9/28,10/27,11/25,12/25,1/23,2/22
NABOPOLASSAR,12,-614,3/24,4/22,5/21,6/20,7/20,8/18,9/17,10/16,11/15,12/14,1/13,2/11,3/12
NABOPOLASSAR,13,-613,4/11,5/10,6/8,7/8,8/7,9/5,10/5,11/3,12/3,1/1,1/31,3/2
NABOPOLASSAR,14,-612,3/31,4/30,5/29,6/27,7/27,8/25,9/24,10/24,11/22,12/22,1/21,2/19
NABOPOLASSAR,15,-611,3/21,4/19,5/19,6/17,7/16,8/15,9/13,10/13,11/11,12/11,1/10,2/9,3/10
NABOPOLASSAR,16,-610,4/9,5/8,6/7,7/6,8/5,9/3,10/2,11/1,11/30,12/30,1/29,2/27
NABOPOLASSAR,17,-609,3/28,4/27,5/26,6/25,7/24,8/22,9/21,10/20,11/19,12/18,1/17,2/15,3/17
NABOPOLASSAR,18,-608,4/16,5/15,6/13,7/13,8/11,9/10,10/10,11/8,12/8,1/6,2/4,3/6
NABOPOLASSAR,19,-607,4/5,5/4,6/3,7/2,8/1,8/30,9/29,10/29,11/27,12/27,1/25,2/23
NABOPOLASSAR,20,-606,3/25,4/23,5/23,6/22,7/21,8/20,9/18,10/18,11/16,12/16,1/14,2/13,3/13
NABOPOLASSAR,21,-605,4/12,5/11,6/10,7/9,8/8,9/7,10/6,11/5,12/4,1/3,2/1,3/3
NEBUCHADNEZZAR II,1,-604,4/2,5/1,5/30,6/29,7/28,8/27,9/26,10/25,11/24,12/24,1/22,2/21
NEBUCHADNEZZAR II,2,-603,3/22,4/21,5/20,6/18,7/18,8/16,9/15,10/15,11/13,12/13,1/12,2/10,3/12
NEBUCHADNEZZAR II,3,-602,4/10,5/10,6/8,7/7,8/6,9/4,10/4,11/2,12/2,1/1,1/30,2/29
NEBUCHADNEZZAR II,4,-601,3/30,4/28,5/28,6/26,7/25,8/24,9/22,10/22,11/20,12/20,1/19,2/17,3/18
NEBUCHADNEZZAR II,5,-600,4/17,5/16,6/15,7/14,8/13,9/12,10/11,11/10,12/9,1/8,2/6,3/7
NEBUCHADNEZZAR II,6,-599,4/6,5/6,6/4,7/4,8/2,9/1,10/1,10/30,11/29,12/28,1/26,2/25
NEBUCHADNEZZAR II,7,-598,3/27,4/25,5/24,6/23,7/23,8/21,9/20,10/19,11/18,12/17,1/16,2/14,3/15
NEBUCHADNEZZAR II,8,-597,4/13,5/13,6/12,7/11,8/10,9/8,10/8,11/6,12/6,1/4,2/2,3/4
NEBUCHADNEZZAR II,9,-596,4/3,5/2,6/1,6/30,7/30,8/29,9/27,10/27,11/25,12/25,1/23,2/21,3/23
NEBUCHADNEZZAR II,10,-595,4/22,5/21,6/20,7/19,8/18,9/17,10/16,11/15,12/15,1/13,2/12,3/13
NEBUCHADNEZZAR II,11,-594,4/12,5/11,6/9,7/9,8/7,9/6,10/5,11/4,12/4,1/2,2/1,3/2
NEBUCHADNEZZAR II,12,-593,3/31,4/30,5/29,6/27,7/27,8/25,9/24,10/23,11/22,12/21,1/20,2/19,3/21
NEBUCHADNEZZAR II,13,-592,4/19,5/19,6/17,7/17,8/15,9/13,10/13,11/11,12/11,1/9,2/8,3/9
NEBUCHADNEZZAR II,14,-591,4/8,5/7,6/6,7/5,8/4,9/3,10/2,11/1,11/30,12/30,1/28,2/26,3/28
NEBUCHADNEZZAR II,15,-590,4/27,5/26,6/25,7/24,8/23,9/21,10/21,11/19,12/19,1/17,2/16,3/16
NEBUCHADNEZZAR II,16,-589,4/15,5/14,6/13,7/13,8/11,9/10,10/9,11/8,12/7,1/6,2/4,3/6
NEBUCHADNEZZAR II,17,-588,4/4,5/4,6/2,7/2,8/1,8/30,9/29,10/29,11/27,12/26,1/25,2/24,3/25
NEBUCHADNEZZAR II,18,-587,4/23,5/23,6/21,7/21,8/20,9/18,10/18,11/16,12/16,1/14,2/13,3/14
NEBUCHADNEZZAR II,19,-586,4/13,5/12,6/11,7/11,8/9,9/8,10/7,11/6,12/5,1/4,2/3,3/3
NEBUCHADNEZZAR II,20,-585,4/2,5/1,5/30,6/29,7/28,8/26,9/25,10/25,11/24,12/23,1/22,2/21
NEBUCHADNEZZAR II,21,-584,3/22,4/21,5/20,6/18,7/18,8/16,9/15,10/14,11/13,12/13,1/11,2/9,3/11
NEBUCHADNEZZAR II,22,-583,4/10,5/9,6/7,7/7,8/5,9/4,10/4,11/2,12/2,12/31,1/30,2/28
NEBUCHADNEZZAR II,23,-582,3/30,4/29,5/28,6/26,7/26,8/24,9/23,10/22,11/21,12/21,1/19,2/18,3/19
NEBUCHADNEZZAR II,24,-581,4/17,5/16,6/15,7/15,8/13,9/12,10/11,11/9,12/9,1/7,2/6,3/7
NEBUCHADNEZZAR II,25,-580,4/6,5/5,6/4,7/4,8/2,9/1,9/30,10/30,11/28,12/28,1/26,2/24
NEBUCHADNEZZAR II,26,-579,3/26,4/25,5/24,6/23,7/22,8/21,9/20,10/19,11/18,12/17,1/15,2/14,3/15
NEBUCHADNEZZAR II,27,-578,4/14,5/13,6/12,7/12,8/10,9/9,10/9,11/7,12/7,1/6,2/4,3/5
NEBUCHADNEZZAR II,28,-577,4/3,5/2,6/1,6/30,7/30,8/28,9/27,10/26,11/25,12/25,1/23,2/21,3/23
NEBUCHADNEZZAR II,29,-576,4/22,5/21,6/19,7/19,8/18,9/16,10/16,11/14,12/14,1/13,2/11,3/13
NEBUCHADNEZZAR II,30,-575,4/12,5/11,6/9,7/9,8/7,9/6,10/5,11/4,12/3,1/2,1/31,3/2
NEBUCHADNEZZAR II,31,-574,4/1,4/30,5/29,6/28,7/27,8/26,9/24,10/24,11/22,12/22,1/20,2/19,3/20
NEBUCHADNEZZAR II,32,-573,4/19,5/18,6/17,7/16,8/14,9/13,10/12,11/11,12/10,1/9,2/7,3/9
NEBUCHADNEZZAR II,33,-572,4/8,5/7,6/5,7/5,8/4,9/2,10/2,10/31,11/30,12/29,1/28,2/26,3/28
NEBUCHADNEZZAR II,34,-571,4/26,5/26,6/24,7/24,8/23,9/21,10/21,11/19,12/19,1/18,2/16,3/17
NEBUCHADNEZZAR II,35,-570,4/16,5/15,6/14,7/13,8/12,9/11,10/10,11/9,12/8,1/6,2/5,3/5
NEBUCHADNEZZAR II,36,-569,4/4,5/3,6/2,7/2,7/31,8/30,9/28,10/28,11/26,12/26,1/24,2/23,3/24
NEBUCHADNEZZAR II,37,-568,4/23,5/22,6/21,7/21,8/19,9/18,10/17,11/16,12/16,1/15,2/13,3/15
NEBUCHADNEZZAR II,38,-567,4/13,5/12,6/11,7/10,8/9,9/7,10/7,11/5,12/5,1/3,2/1,3/3
NEBUCHADNEZZAR II,39,-566,4/2,5/1,5/31,6/29,7/29,8/27,9/26,10/26,11/24,12/24,1/22,2/21
NEBUCHADNEZZAR II,40,-565,3/22,4/20,5/20,6/18,7/17,8/16,9/14,10/14,11/13,12/12,1/10,2/9
NEBUCHADNEZZAR II,41,-564,3/11,4/9,5/8,6/7,7/6,8/5,9/4,10/3,11/2,12/1,12/31,1/29,2/28
NEBUCHADNEZZAR II,42,-563,3/29,4/28,5/27,6/26,7/26,8/24,9/23,10/22,11/21,12/20,1/18,2/17,3/19
NEBUCHADNEZZAR II,43,-562,4/17,5/17,6/15,7/15,8/13,9/12,10/12,11/10,12/10,1/8,2/7,3/7
AMEL-MARDUK,1,-561,4/6,5/5,6/3,7/3,8/2,8/31,9/30,10/29,11/28,12/27,1/26,2/24
AMEL-MARDUK,2,-560,3/26,4/24,5/24,6/22,7/22,8/21,9/19,10/19,11/17,12/17,1/15,2/14,3/15
NERGAL-SHAR-USUR,1,-559,4/14,5/13,6/12,7/11,8/10,9/9,10/8,11/7,12/7,1/5,2/3,3/5
NERGAL-SHAR-USUR,2,-558,4/4,5/3,6/1,7/1,7/30,8/29,9/28,10/27,11/26,12/25,1/24,2/23
NERGAL-SHAR-USUR,3,-557,3/23,4/22,5/21,6/20,7/19,8/17,9/16,10/15,11/14,12/13,1/12,2/11,3/12
NERGAL-SHAR-USUR,4,-556,4/11,5/11,6/9,7/9,8/7,9/5,10/5,11/3,12/3,1/1,1/31,3/1
NABUNAID,1,-555,3/31,4/30,5/30,6/28,7/27,8/26,9/24,10/24,11/22,12/22,1/20,2/19,3/20
NABUNAID,2,-554,4/19,5/19,6/17,7/17,8/15,9/14,10/14,11/12,12/11,1/10,2/8,3/8
NABUNAID,3,-553,4/7,5/7,6/5,7/5,8/3,9/2,10/2,10/31,11/29,12/29,1/27,2/26,3/27
NABUNAID,4,-552,4/26,5/25,6/24,7/24,8/22,9/21,10/21,11/19,12/18,1/17,2/15,3/17
NABUNAID,5,-551,4/16,5/15,6/13,7/13,8/11,9/10,10/10,11/8,12/8,1/6,2/5,3/6
NABUNAID,6,-550,4/5,5/4,6/3,7/2,8/1,8/30,9/29,10/29,11/27,12/27,1/26,2/24,3/25
NABUNAID,7,-549,4/23,5/23,6/21,7/20,8/19,9/17,10/17,11/16,12/15,1/14,2/13,3/14
NABUNAID,8,-548,4/13,5/12,6/10,7/10,8/8,9/7,10/7,11/5,12/4,1/3,2/2,3/3
NABUNAID,9,-547,4/2,5/2,5/31,6/29,7/29,8/27,9/26,10/25,11/24,12/23,1/22,2/20
NABUNAID,10,-546,3/22,4/20,5/20,6/19,7/18,8/17,9/15,10/15,11/13,12/13,1/11,2/10,3/10
NABUNAID,11,-545,4/9,5/8,6/7,7/6,8/5,9/4,10/3,11/2,12/1,12/31,1/29,2/28
NABUNAID,12,-544,3/29,4/28,5/27,6/26,7/25,8/24,9/23,10/22,11/20,12/20,1/18,2/17,3/18
NABUNAID,13,-543,4/17,5/16,6/15,7/14,8/13,9/12,10/11,11/10,12/9,1/8,2/6,3/8
NABUNAID,14,-542,4/6,5/6,6/4,7/4,8/3,9/1,10/1,10/30,11/29,12/28,1/27,2/25
NABUNAID,15,-541,3/26,4/24,5/24,6/22,7/22,8/20,9/19,10/19,11/17,12/17,1/15,2/13,3/15
NABUNAID,16,-540,4/14,5/13,6/12,7/11,8/10,9/9,10/8,11/7,12/6,1/5,2/3,3/5
NABUNAID,17,-539,4/4,5/3,6/1,7/1,7/30,8/29,9/28,10/27,11/25,12/25,1/23,2/22
CYRUS,1,-538,3/24,4/22,5/21,6/20,7/20,8/18,9/17,10/16,11/15,12/14,1/13,2/11
CYRUS,2,-537,3/12,4/10,5/10,6/8,7/8,8/7,9/5,10/5,11/3,12/3,1/1,1/31,3/1
CYRUS,3,-536,3/30,4/29,5/29,6/27,7/27,8/25,9/24,10/23,11/22,12/22,1/20,2/19,3/20
CYRUS,4,-535,4/18,5/18,6/17,7/16,8/15,9/13,10/13,11/11,12/11,1/10,2/8,3/9
CYRUS,5,-534,4/8,5/7,6/6,7/6,8/4,9/3,10/2,11/1,12/1,12/30,1/28,2/27
CYRUS,6,-533,3/28,4/26,5/25,6/24,7/24,8/22,9/21,10/20,11/19,12/18,1/17,2/16,3/17
CYRUS,7,-532,4/16,5/15,6/13,7/13,8/11,9/10,10/10,11/8,12/8,1/6,2/5,3/7
CYRUS,8,-531,4/5,5/5,6/3,7/2,8/1,8/30,9/29,10/29,11/27,12/27,1/25,2/24
CYRUS,9,-530,3/26,4/24,5/23,6/22,7/21,8/20,9/18,10/18,11/16,12/16,1/14,2/13,3/13
CAMBYSES,1,-529,4/12,5/11,6/10,7/10,8/8,9/7,10/6,11/5,12/4,1/3,2/1,3/3
CAMBYSES,2,-528,4/1,5/1,5/30,6/29,7/28,8/27,9/26,10/25,11/24,12/23,1/21,2/20
CAMBYSES,3,-527,3/21,4/20,5/20,6/18,7/18,8/16,9/15,10/14,11/13,12/13,1/11,2/9,3/11
CAMBYSES,4,-526,4/9,5/9,6/8,7/7,8/6,9/4,10/4,11/2,12/1,12/31,1/30,2/28
CAMBYSES,5,-525,3/29,4/27,5/27,6/26,7/25,8/24,9/23,10/22,11/20,12/20,1/19,2/17,3/18
CAMBYSES,6,-524,4/17,5/16,6/14,7/14,8/13,9/12,10/11,11/10,12/9,1/8,2/7,3/8
CAMBYSES,7,-523,4/7,5/6,6/4,7/4,8/2,9/1,10/1,10/30,11/29,12/28,1/27,2/26
CAMBYSES,8,-522,3/27,4/25,5/25,6/23,7/23,8/21,9/20,10/19,11/18,12/17,1/16,2/14,3/15
DARIUS I,1,-521,4/14,5/13,6/12,7/11,8/10,9/8,10/8,11/6,12/6,1/4,2/2,3/4
DARIUS I,2,-520,4/3,5/2,6/1,6/30,7/30,8/29,9/27,10/27,11/25,12/25,1/23,2/21
DARIUS I,3,-519,3/23,4/22,5/21,6/20,7/19,8/18,9/17,10/16,11/15,12/14,1/12,2/11,3/12
DARIUS I,4,-518,4/11,5/10,6/9,7/9,8/7,9/6,10/5,11/4,12/3,1/2,1/31,3/1
DARIUS I,5,-517,3/30,4/29,5/29,6/27,7/27,8/25,9/24,10/23,11/22,12/21,1/20,2/18,3/20
DARIUS I,6,-516,4/18,5/18,6/16,7/16,8/14,9/13,10/13,11/11,12/11,1/9,2/8,3/10
DARIUS I,7,-515,4/8,5/7,6/6,7/5,8/4,9/3,10/2,11/1,11/30,12/30,1/29,2/27
DARIUS I,8,-514,3/29,4/27,5/26,6/25,7/24,8/23,9/21,10/21,11/19,12/19,1/18,2/16,3/17
DARIUS I,9,-513,4/16,5/15,6/13,7/13,8/11,9/10,10/9,11/8,12/7,1/6,2/4,3/6
DARIUS I,10,-512,4/5,5/4,6/2,7/2,8/1,8/30,9/29,10/28,11/27,12/26,1/25,2/23
DARIUS I,11,-511,3/25,4/23,5/23,6/21,7/21,8/20,9/18,10/18,11/16,12/16,1/14,2/13,3/14
DARIUS I,12,-510,4/13,5/12,6/11,7/10,8/9,9/7,10/7,11/6,12/5,1/4,2/2,3/2
DARIUS I,13,-509,4/1,4/30,5/30,6/29,7/28,8/27,9/25,10/25,11/23,12/23,1/21,2/20,3/21
DARIUS I,14,-508,4/20,5/19,6/18,7/18,8/16,9/15,10/14,11/13,12/12,1/11,2/9,3/11
DARIUS I,15,-507,4/9,5/9,6/7,7/7,8/5,9/4,10/4,11/2,12/2,1/1,1/30,3/1
DARIUS I,16,-506,3/30,4/28,5/28,6/26,7/26,8/24,9/23,10/22,11/21,12/20,1/19,2/17,3/18
DARIUS I,17,-505,4/17,5/16,6/14,7/14,8/13,9/11,10/11,11/9,12/9,1/7,2/6,3/7
DARIUS I,18,-504,4/6,5/5,6/4,7/4,8/2,9/1,9/30,10/30,11/28,12/28,1/26,2/25
DARIUS I,19,-503,3/27,4/25,5/24,6/23,7/22,8/21,9/20,10/18,11/18,12/17,1/15,2/14,3/15
DARIUS I,20,-502,4/14,5/13,6/12,7/12,8/10,9/9,10/8,11/7,12/6,1/5,2/3,3/4
DARIUS I,21,-501,4/2,5/2,5/31,6/30,7/30,8/28,9/27,10/26,11/25,12/24,1/23,2/21
DARIUS I,22,-500,3/23,4/21,5/21,6/19,7/19,8/18,9/16,10/16,11/14,12/14,1/12,2/11,3/12
DARIUS I,23,-499,4/11,5/10,6/9,7/8,8/7,9/6,10/5,11/4,12/3,1/2,1/31,3/2
DARIUS I,24,-498,3/31,4/30,5/29,6/28,7/27,8/26,9/24,10/24,11/22,12/22,1/20,2/19,3/19
DARIUS I,25,-497,4/18,5/17,6/16,7/16,8/14,9/13,10/12,11/11,12/10,1/9,2/7,3/9
DARIUS I,26,-496,4/8,5/7,6/5,7/5,8/4,9/2,10/2,10/31,11/30,12/29,1/28,2/26
DARIUS I,27,-495,3/28,4/26,5/26,6/24,7/24,8/23,9/21,10/21,11/19,12/19,1/17,2/15,3/17
DARIUS I,28,-494,4/16,5/15,6/14,7/13,8/12,9/11,10/10,11/9,12/8,1/6,2/5,3/5
DARIUS I,29,-493,4/4,5/3,6/2,7/2,7/31,8/30,9/28,10/28,11/26,12/26,1/24,2/23,3/17
DARIUS I,30,-492,4/23,5/22,6/21,7/21,8/19,9/18,10/17,11/16,12/15,1/14,2/12,3/14
DARIUS I,31,-491,4/12,5/12,6/10,7/10,8/9,9/7,10/7,11/5,12/5,1/3,2/1,3/3
DARIUS I,32,-490,4/2,5/1,5/31,6/29,7/29,8/28,9/26,10/26,11/24,12/23,1/22,2/20,3/21
DARIUS I,33,-489,4/19,5/19,6/18,7/17,8/16,9/14,10/14,11/12,12/12,1/10,2/9,3/10
DARIUS I,34,-488,4/9,5/8,6/7,7/6,8/5,9/4,10/3,11/2,12/1,12/31,1/29,2/28
DARIUS I,35,-487,3/30,4/28,5/27,6/26,7/26,8/24,9/23,10/22,11/21,12/20,1/19,2/17,3/19
DARIUS I,36,-486,4/18,5/17,6/15,7/15,8/13,9/12,10/12,11/10,12/10,1/8,2/6,3/7
XERXES,1,-485,4/6,5/5,6/3,7/3,8/2,8/31,9/30,10/29,11/28,12/27,1/26,2/24
XERXES,2,-484,3/26,4/24,5/24,6/22,7/22,8/21,9/19,10/19,11/17,12/17,1/15,2/14,3/15
XERXES,3,-483,4/14,5/13,6/12,7/11,8/10,9/9,10/8,11/7,12/6,1/5,2/3,3/5
XERXES,4,-482,4/3,5/3,6/1,7/1,7/30,8/29,9/28,10/27,11/25,12/25,1/23,2/22
XERXES,5,-481,3/23,4/21,5/20,6/19,7/19,8/17,9/16,10/15,11/14,12/13,1/12,2/10,3/12
XERXES,6,-480,4/11,5/10,6/8,7/8,8/7,9/5,10/5,11/3,12/3,1/1,1/31,3/1
XERXES,7,-479,3/31,4/29,5/29,6/27,7/27,8/26,9/24,10/24,11/22,12/22,1/20,2/19,3/20
XERXES,8,-478,4/19,5/18,6/17,7/16,8/15,9/14,10/13,11/12,12/11,1/10,2/8,3/9
XERXES,9,-477,4/8,5/7,6/5,7/5,8/3,9/2,10/1,10/31,11/29,12/29,1/27,2/26
XERXES,10,-476,3/28,4/26,5/25,6/24,7/24,8/22,9/21,10/20,11/19,12/18,1/17,2/15,3/17
XERXES,11,-475,4/15,5/15,6/13,7/13,8/11,9/10,10/10,11/8,12/8,1/6,2/5,3/6
XERXES,12,-474,4/5,5/4,6/3,7/2,8/1,8/31,9/29,10/29,11/27,12/26,1/25,2/23,3/24
XERXES,13,-473,4/22,5/22,6/21,7/20,8/19,9/17,10/17,11/15,12/15,1/13,2/12,3/13
XERXES,14,-472,4/12,5/12,6/10,7/10,8/9,9/7,10/7,11/6,12/5,1/4,2/2,3/3
XERXES,15,-471,4/2,5/1,5/30,6/29,7/29,8/27,9/26,10/25,11/24,12/23,1/22,2/20,3/22
XERXES,16,-470,4/21,5/20,6/19,7/18,8/17,9/15,10/15,11/13,12/13,1/11,2/10,3/10
XERXES,17,-469,4/9,5/8,6/7,7/6,8/5,9/4,10/3,11/2,12/1,12/31,1/29,2/28
XERXES,18,-468,3/29,4/28,5/27,6/26,7/25,8/24,9/23,10/22,11/20,12/20,1/18,2/17,8/18
XERXES,19,-467,4/17,5/16,6/15,7/15,8/13,9/12,10/11,11/10,12/9,1/8,2/6,3/8
XERXES,20,-466,4/6,5/6,6/4,7/4,8/3,9/1,10/1,10/30,11/29,12/28,1/27,2/25
XERXES,21,-465,3/25,4/24,5/24,6/22,7/22,8/20,9/19,10/19,11/17,12/17,1/15,2/13,3/15
ARTAXERXES I,1,-464,4/13,5/13,6/12,7/11,8/10,9/9,10/8,11/7,12/6,1/4,2/3,3/4
ARTAXERXES I,2,-463,4/3,5/3,6/1,7/1,7/30,8/29,9/28,10/27,11/25,12/25,1/23,2/22,3/24
ARTAXERXES I,3,-462,4/22,5/21,6/20,7/20,8/18,9/17,10/16,11/15,12/14,1/13,2/11,3/12
ARTAXERXES I,4,-461,4/11,5/10,6/8,7/8,8/7,9/5,10/5,11/3,12/3,1/1,1/31,3/1
ARTAXERXES I,5,-460,3/31,4/30,5/29,6/27,7/27,8/25,9/24,10/23,11/22,12/22,1/20,2/19,8/20
ARTAXERXES I,6,-459,4/19,5/18,6/17,7/16,8/15,9/13,10/13,11/11,12/11,1/10,2/8,3/9
ARTAXERXES I,7,-458,4/8,5/7,6/6,7/6,8/4,9/3,10/2,11/1,11/30,12/30,1/28,2/27
ARTAXERXES I,8,-457,3/27,4/26,5/25,6/24,7/24,8/22,9/21,10/20,11/19,12/18,1/17,2/15,3/16
ARTAXERXES I,9,-456,4/15,5/15,6/13,7/13,8/11,9/10,10/10,11/8,12/8,1/6,2/4,3/6
ARTAXERXES I,10,-455,4/4,5/4,6/3,7/2,8/1,8/30,9/29,10/29,11/27,12/27,1/25,2/23,3/25
ARTAXERXES I,11,-454,4/23,5/23,6/22,7/21,8/20,9/18,10/18,11/16,12/16,1/14,2/13,3/13
ARTAXERXES I,12,-453,4/12,5/11,6/10,7/9,8/8,9/7,10/6,11/5,12/4,1/3,2/1,3/3
ARTAXERXES I,13,-452,4/2,5/1,5/30,6/29,7/28,8/27,9/26,10/25,11/24,12/23,1/21,2/20,3/21
ARTAXERXES I,14,-451,4/20,5/20,6/18,7/18,8/16,9/15,10/14,11/13,12/13,1/11,2/9,3/11
ARTAXERXES I,15,-450,4/10,5/9,6/8,7/7,8/6,9/4,10/4,11/2,12/2,12/31,1/30,2/28
ARTAXERXES I,16,-449,3/29,4/27,5/27,6/26,7/25,8/24,9/22,10/22,11/20,12/20,1/18,2/17,8/18
ARTAXERXES I,17,-448,4/16,5/16,6/14,7/14,8/12,9/11,10/11,11/9,12/8,1/7,2/5,3/7
ARTAXERXES I,18,-447,4/6,5/5,6/3,7/3,8/2,8/31,9/30,10/29,11/28,12/27,1/26,2/24
ARTAXERXES I,19,-446,3/26,4/24,5/24,6/23,7/22,8/21,9/19,10/19,11/17,12/17,1/15,2/14,3/14
ARTAXERXES I,20,-445,4/13,5/12,6/11,7/10,8/9,9/8,10/7,11/6,12/5,1/4,2/2,3/4
ARTAXERXES I,21,-444,4/3,5/2,5/31,6/30,7/29,8/28,9/27,10/26,11/25,12/25,1/23,2/22,8/28
ARTAXERXES I,22,-443,4/22,5/21,6/20,7/19,8/17,9/16,10/15,11/14,12/14,1/12,2/11,3/13
ARTAXERXES I,23,-442,4/11,5/11,6/9,7/9,8/7,9/5,10/5,11/3,12/3,1/1,1/31,3/1
ARTAXERXES I,24,-441,3/31,4/29,5/29,6/27,7/27,8/25,9/23,10/23,11/21,12/21,1/19,2/17,8/19
ARTAXERXES I,25,-440,4/18,5/17,6/16,7/15,8/14,9/13,10/12,11/11,12/10,1/8,2/7,3/8
ARTAXERXES I,26,-439,4/7,5/7,6/5,7/5,8/3,9/2,10/2,10/31,11/29,12/29,1/27,2/26
ARTAXERXES I,27,-438,3/28,4/26,5/25,6/24,7/24,8/22,9/21,10/20,11/19,12/18,1/17,2/15,3/16
ARTAXERXES I,28,-437,4/14,5/14,6/12,7/12,8/11,9/9,10/9,11/8,12/8,1/6,2/5,3/6
ARTAXERXES I,29,-436,4/4,5/3,6/2,7/1,7/31,8/29,9/28,10/28,11/27,12/27,1/25,2/24,3/25
ARTAXERXES I,30,-435,4/23,5/22,6/21,7/20,8/19,9/17,10/17,11/16,12/15,1/14,2/13,3/14
ARTAXERXES I,31,-434,4/13,5/12,6/10,7/10,8/8,9/7,10/6,11/5,12/5,1/3,2/2,3/3
ARTAXERXES I,32,-433,4/1,5/1,5/30,6/28,7/28,8/26,9/25,10/24,11/23,12/22,1/21,2/20,3/21
ARTAXERXES I,33,-432,4/20,5/19,6/17,7/17,8/15,9/14,10/14,11/12,12/12,1/10,2/9,3/10
ARTAXERXES I,34,-431,4/9,5/9,6/7,7/6,8/5,9/3,10/3,11/2,12/1,12/31,1/29,2/27
ARTAXERXES I,35,-430,3/29,4/27,5/27,6/26,7/25,8/24,9/22,10/22,11/20,12/20,1/18,2/17,3/17
ARTAXERXES I,36,-429,4/16,5/15,6/14,7/13,8/12,9/11,10/10,11/9,12/8,1/7,2/5,3/7
ARTAXERXES I,37,-428,4/5,5/5,6/3,7/3,8/2,9/1,9/30,10/30,11/29,12/28,1/26,2/25
ARTAXERXES I,38,-427,3/26,4/24,5/24,6/22,7/22,8/20,9/19,10/19,11/17,12/17,1/16,2/14,3/16
ARTAXERXES I,39,-426,4/14,5/13,6/12,7/11,8/10,9/8,10/8,11/7,12/6,1/5,2/4,3/4
ARTAXERXES I,40,-425,4/3,5/2,6/1,6/30,7/29,8/28,9/26,10/26,11/24,12/24,1/23,2/21,3/23
ARTAXERXES I,41,-424,4/22,5/21,6/20,7/19,8/17,9/16,10/15,11/14,12/13,1/12,2/10,3/12
DARIUS II,1,-423,4/11,5/11,6/9,7/9,8/7,9/5,10/5,11/3,12/3,1/1,1/31,3/1
DARIUS II,2,-422,3/31,4/30,5/29,6/28,7/28,8/26,9/24,10/24,11/22,12/21,1/20,2/18,3/19
DARIUS II,3,-421,4/18,5/17,6/16,7/15,8/14,9/12,10/12,11/10,12/10,1/8,2/6,3/8
DARIUS II,4,-420,4/7,5/6,6/5,7/4,8/3,9/2,10/1,10/31,11/29,12/29,1/27,2/25
DARIUS II,5,-419,3/27,4/26,5/25,6/24,7/23,8/22,9/21,10/20,11/19,12/18,1/16,2/15,3/16
DARIUS II,6,-418,4/15,5/14,6/13,7/13,8/11,9/10,10/10,11/8,12/8,1/7,2/5,3/6
DARIUS II,7,-417,4/4,5/3,6/2,7/1,7/31,8/29,9/28,10/28,11/26,12/26,1/25,2/23,3/25
DARIUS II,8,-416,4/23,5/22,6/21,7/20,8/18,9/17,10/17,11/15,12/15,1/14,2/12,3/14
DARIUS II,9,-415,4/13,5/12,6/10,7/10,8/8,9/7,10/6,11/5,12/4,1/3,2/1,3/3
DARIUS II,10,-414,4/2,5/1,5/30,6/29,7/28,8/27,9/25,10/25,11/23,12/23,1/21,2/20,3/20
DARIUS II,11,-413,4/19,5/18,6/17,7/17,8/15,9/14,10/13,11/12,12/11,1/10,2/8,3/10
DARIUS II,12,-412,4/8,5/8,6/6,7/6,8/5,9/3,10/3,11/1,12/1,12/30,1/29,2/27
DARIUS II,13,-411,3/29,4/27,5/27,6/25,7/25,8/24,9/22,10/22,11/20,12/20,1/18,2/17,3/18
DARIUS II,14,-410,4/17,5/16,6/15,7/14,8/13,9/11,10/11,11/10,12/9,1/8,2/6,3/6
DARIUS II,15,-409,4/5,5/4,6/3,7/3,8/1,8/31,9/30,10/29,11/28,12/28,1/26,2/25
DARIUS II,16,-408,3/26,4/24,5/24,6/22,7/22,8/20,9/19,10/18,11/17,12/17,1/15,2/14,3/16
DARIUS II,17,-407,4/14,5/14,6/12,7/11,8/10,9/8,10/8,11/6,12/6,1/4,2/3,3/5
DARIUS II,18,-406,4/3,5/3,6/2,7/1,7/30,8/29,9/27,10/26,11/25,12/24,1/23,2/22
DARIUS II,19,-405,4/21,5/21,6/19,7/19,8/17,9/15,10/15,11/13,12/13,1/11,2/10,3/11
ARTAXERXES II,1,-404,4/10,5/9,6/8,7/8,8/6,9/5,10/4,11/3,12/2,1/1,1/30,2/28
ARTAXERXES II,2,-403,3/30,4/29,5/28,6/27,7/26,8/25,9/24,10/23,11/22,12/21,1/19,2/18,8/19
ARTAXERXES II,3,-402,4/18,5/18,6/16,7/16,8/15,9/13,10/13,11/12,12/11,1/10,2/8,3/9
ARTAXERXES II,4,-401,4/7,5/6,6/5,7/4,8/3,9/1,10/1,10/30,11/29,12/28,1/27,2/25
ARTAXERXES II,5,-400,3/27,4/25,5/25,6/23,7/23,8/22,9/20,10/20,11/18,12/18,1/16,2/15,8/16
ARTAXERXES II,6,-399,4/15,5/14,6/13,7/12,8/11,9/10,10/9,11/8,12/8,1/6,2/5,3/7
ARTAXERXES II,7,-398,4/5,5/4,6/3,7/2,7/31,8/30,9/28,10/28,11/27,12/26,1/25,2/24,3/24
ARTAXERXES II,8,-397,4/23,5/22,6/21,7/20,8/18,9/17,10/16,11/15,12/14,1/13,2/12,3/13
ARTAXERXES II,9,-396,4/12,5/12,6/10,7/10,8/8,9/6,10/6,11/4,12/4,1/2,2/1,3/2
ARTAXERXES II,10,-395,4/1,4/30,5/30,6/28,7/28,8/27,9/25,10/25,11/23,12/23,1/21,2/19,3/21
ARTAXERXES II,11,-394,4/20,5/19,6/18,7/17,8/16,9/15,10/14,11/13,12/12,1/10,2/9,3/9
ARTAXERXES II,12,-393,4/8,5/7,6/6,7/6,8/4,9/3,10/2,11/1,11/30,12/30,1/28,2/27
ARTAXERXES II,13,-392,3/29,4/27,5/26,6/25,7/25,8/23,9/22,10/21,11/20,12/19,1/18,2/16,8/18
ARTAXERXES II,14,-391,4/17,5/16,6/14,7/14,8/13,9/11,10/11,11/9,12/9,1/7,2/5,3/7
ARTAXERXES II,15,-390,4/6,5/5,6/4,7/3,8/2,9/1,9/30,10/30,11/28,12/28,1/26,2/25
ARTAXERXES II,16,-389,3/26,4/24,5/24,6/22,7/21,8/20,9/18,10/18,11/16,12/16,1/15,2/13,3/15
ARTAXERXES II,17,-388,4/14,5/13,6/12,7/11,8/10,9/8,10/7,11/6,12/5,1/4,2/2,3/4
ARTAXERXES II,18,-387,4/3,5/2,6/1,7/1,7/30,8/28,9/27,10/26,11/25,12/24,1/23,2/21,3/23
ARTAXERXES II,19,-386,4/22,5/21,6/20,7/20,8/18,9/17,10/16,11/14,12/14,1/12,2/11,3/11
ARTAXERXES II,20,-385,4/10,5/9,6/8,7/8,8/6,9/5,10/4,11/3,12/2,1/1,1/30,3/1,3/30
ARTAXERXES II,21,-384,4/29,5/28,6/27,7/26,8/25,9/23,10/23,11/21,12/21,1/19,2/18,3/19
ARTAXERXES II,22,-383,4/18,5/17,6/16,7/15,8/14,9/13,10/12,11/11,12/11,1/10,2/8,3/10
ARTAXERXES II,23,-382,4/8,5/7,6/5,7/5,8/3,9/2,10/2,10/31,11/29,12/29,1/27,2/26
ARTAXERXES II,24,-381,3/26,4/25,5/24,6/23,7/23,8/21,9/20,10/19,11/18,12/18,1/17,2/15,3/17
ARTAXERXES II,25,-380,4/15,5/15,6/13,7/12,8/11,9/9,10/9,11/7,12/7,1/6,2/4,3/6
ARTAXERXES II,26,-379,4/5,5/4,6/3,7/2,7/31,8/30,9/28,10/28,11/26,12/26,1/24,2/23,3/24
ARTAXERXES II,27,-378,4/23,5/22,6/21,7/20,8/19,9/18,10/17,11/16,12/15,1/13,2/12,3/12
ARTAXERXES II,28,-377,4/11,5/11,6/9,7/9,8/7,9/6,10/5,11/4,12/3,1/2,1/31,3/2
ARTAXERXES II,29,-376,3/31,4/30,5/29,6/28,7/28,8/26,9/25,10/24,11/23,12/22,1/21,2/19,3/21
ARTAXERXES II,30,-375,4/19,5/19,6/17,7/17,8/15,9/14,10/14,11/12,12/12,1/10,2/9,3/10
ARTAXERXES II,31,-374,4/9,5/8,6/7,7/6,8/5,9/4,10/3,11/2,12/2,12/31,1/30,2/28
ARTAXERXES II,32,-373,3/29,4/27,5/26,6/25,7/24,8/23,9/22,10/21,11/20,12/20,1/18,2/17,3/18
ARTAXERXES II,33,-372,4/17,5/16,6/14,7/14,8/12,9/11,10/11,11/9,12/9,1/7,2/6,3/8
ARTAXERXES II,34,-371,4/6,5/6,6/4,7/4,8/2,8/31,9/30,10/29,11/28,12/27,1/26,2/24
ARTAXERXES II,35,-370,3/26,4/24,5/24,6/23,7/22,8/21,9/19,10/19,11/17,12/17,1/15,2/14,3/14
ARTAXERXES II,36,-369,4/13,5/12,6/11,7/10,8/9,9/8,10/7,11/6,12/5,1/4,2/2,3/4
ARTAXERXES II,37,-368,4/2,5/2,5/31,6/30,7/29,8/28,9/27,10/26,11/24,12/24,1/22,2/21,3/22
ARTAXERXES II,38,-367,4/21,5/21,6/19,7/19,8/18,9/16,10/15,11/14,12/13,1/12,2/10,3/12
ARTAXERXES II,39,-366,4/10,5/10,6/8,7/8,8/7,9/5,10/5,11/3,12/3,1/1,1/31,2/29
ARTAXERXES II,40,-365,3/30,4/28,5/28,6/26,7/26,8/24,9/23,10/23,11/21,12/21,1/19,2/17,3/19
ARTAXERXES II,41,-364,4/18,5/17,6/16,7/15,8/14,9/13,10/12,11/11,12/10,1/9,2/8,3/9
ARTAXERXES II,42,-363,4/8,5/7,6/5,7/5,8/3,9/2,10/2,10/31,11/29,12/29,1/28,2/27
ARTAXERXES II,43,-362,3/28,4/27,5/26,6/24,7/24,8/22,9/21,10/20,11/19,12/18,1/17,2/15,3/16
ARTAXERXES II,44,-361,4/15,5/14,6/12,7/12,8/11,9/9,10/9,11/7,12/7,1/5,2/4,3/5
ARTAXERXES II,45,-360,4/4,5/3,6/2,7/1,7/31,8/29,9/28,10/27,11/26,12/26,1/24,2/23,3/24
ARTAXERXES II,46,-359,4/22,5/22,6/21,7/20,8/19,9/17,10/17,11/15,12/15,1/14,2/12,3/13
ARTAXERXES III,1,-358,4/12,5/11,6/10,7/10,8/8,9/7,10/6,11/5,12/4,1/3,2/1,3/2
ARTAXERXES III,2,-357,3/31,4/30,5/29,6/28,7/28,8/26,9/25,10/24,11/23,12/22,1/21,2/19,3/20
ARTAXERXES III,3,-356,4/19,5/19,6/17,7/17,8/15,9/14,10/14,11/12,12/12,1/11,2/9,3/11
ARTAXERXES III,4,-355,4/9,5/8,6/7,7/6,8/5,9/3,10/3,11/2,12/1,12/31,1/29,2/28
ARTAXERXES III,5,-354,3/30,4/28,5/27,6/26,7/25,8/24,9/22,10/22,11/20,12/20,1/18,2/17,3/17
ARTAXERXES III,6,-353,4/16,5/15,6/14,7/13,8/12,9/11,10/10,11/9,12/8,1/7,2/5,3/7
ARTAXERXES III,7,-352,4/6,5/5,6/3,7/3,8/1,8/31,9/30,10/29,11/28,12/27,1/25,2/24
ARTAXERXES III,8,-351,3/26,4/24,5/24,6/22,7/22,8/20,9/19,10/18,11/17,12/17,1/15,2/13,3/15
ARTAXERXES III,9,-350,4/13,5/13,6/12,7/11,8/10,9/8,10/8,11/7,12/6,1/4,2/3,3/3
ARTAXERXES III,10,-349,4/2,5/1,5/31,6/30,7/29,8/28,9/26,10/26,11/24,12/24,1/22,2/21,3/22
ARTAXERXES III,11,-348,4/21,5/20,6/19,7/18,8/17,9/16,10/15,11/14,12/13,1/12,2/10,3/11
ARTAXERXES III,12,-347,4/10,5/10,6/8,7/8,8/6,9/5,10/5,11/3,12/3,1/2,1/31,3/2
ARTAXERXES III,13,-346,3/31,4/29,5/29,6/27,7/27,8/25,9/24,10/23,11/22,12/22,1/20,2/19,3/20
ARTAXERXES III,14,-345,4/18,5/17,6/16,7/15,8/14,9/12,10/12,11/10,12/10,1/8,2/6,3/8
ARTAXERXES III,15,-344,4/7,5/6,6/5,7/4,8/3,9/2,10/1,10/31,11/29,12/29,1/27,2/25
ARTAXERXES III,16,-343,3/27,4/26,5/25,6/24,7/23,8/22,9/21,10/20,11/19,12/18,1/16,2/15,3/16
ARTAXERXES III,17,-342,4/15,5/14,6/13,7/13,8/11,9/10,10/9,11/8,12/7,1/6,2/4,3/5
ARTAXERXES III,18,-341,4/3,5/3,6/2,7/1,7/31,8/29,9/28,10/27,11/26,12/25,1/24,2/22,3/24
ARTAXERXES III,19,-340,4/22,5/22,6/20,7/20,8/18,9/17,10/17,11/15,12/15,1/13,2/12,3/13
ARTAXERXES III,20,-339,4/12,5/11,6/10,7/9,8/8,9/7,10/6,11/5,12/4,1/3,2/1,3/2
ARTAXERXES III,21,-338,4/1,5/1,5/30,6/29,7/28,8/27,9/25,10/25,11/23,12/23,1/21,2/20,3/20
ARSES,1,-337,4/19,5/18,6/17,7/17,8/15,9/14,10/13,11/12,12/11,1/10,2/8,3/10
ARSES,2,-336,4/9,5/8,6/6,7/6,8/5,9/3,10/3,11/1,12/1,12/30,1/29,2/27
DARIUS III,1,-335,3/29,4/27,5/27,6/25,7/25,8/24,9/22,10/22,11/20,12/20,1/18,2/17,3/18
DARIUS III,2,-334,4/17,5/16,6/15,7/14,8/13,9/11,10/11,11/10,12/9,1/8,2/6,3/6
DARIUS III,3,-333,4/5,5/4,6/3,7/3,8/1,8/31,9/29,10/29,11/27,12/27,1/25,2/24
DARIUS III,4,-332,3/25,4/24,5/23,6/22,7/22,8/20,9/19,10/18,11/17,12/17,1/15,2/13,3/15
DARIUS III,5,-331,4/13,5/13,6/11,7/11,8/9,9/8,10/8,11/6,12/6,1/4,2/2,3/4
ALEXANDER I,7,-330,4/3,5/2,6/1,6/30,7/30,8/28,9/27,10/26,11/25,12/24,1/23,2/21,3/22
ALEXANDER I,8,-329,4/21,5/20,6/18,7/18,8/17,9/15,10/15,11/13,12/13,1/12,2/11,3/12
ALEXANDER I,9,-328,4/11,5/10,6/8,7/8,8/6,9/5,10/4,11/3,12/2,1/1,1/31,3/1
ALEXANDER I,10,-327,3/31,4/29,5/28,6/27,7/26,8/25,9/24,10/23,11/22,12/21,1/20,2/18,3/20
ALEXANDER I,11,-326,4/19,5/18,6/17,7/16,8/14,9/13,10/12,11/11,12/10,1/9,2/7,3/8
ALEXANDER I,12,-325,4/7,5/6,6/4,7/4,8/3,9/1,10/1,10/30,11/29,12/28,1/27,2/25
ALEXANDER I,13,-324,3/27,4/25,5/25,6/23,7/23,8/22,9/20,10/20,11/18,12/18,1/16,2/15,3/16
ALEXANDER I,14,-323,4/15,5/14,6/13,7/12,8/11,9/10,10/9,11/8,12/7,1/6,2/4,3/6
PHILIP ARRHIDAEUS,2,-322,4/4,5/4,6/2,7/2,7/31,8/30,9/28,10/28,11/26,12/26,1/24,2/23,3/23
PHILIP ARRHIDAEUS,3,-321,4/22,5/21,6/20,7/20,8/18,9/17,10/16,11/15,12/14,1/13,2/11,3/13
PHILIP ARRHIDAEUS,4,-320,4/12,5/11,6/9,7/9,8/8,9/6,10/6,11/4,12/4,1/2,2/1,3/2
PHILIP ARRHIDAEUS,5,-319,4/1,4/30,5/30,6/28,7/28,8/27,9/25,10/25,11/23,12/23,1/21,2/19,3/21
PHILIP ARRHIDAEUS,6,-318,4/20,5/19,6/18,7/17,8/16,9/15,10/14,11/13,12/12,1/10,2/9,3/9
PHILIP ARRHIDAEUS,7,-317,4/8,5/7,6/6,7/6,8/4,9/3,10/2,11/1,11/30,12/30,1/28,2/27
PHILIP ARRHIDAEUS,8,-316,3/28,4/27,5/26,6/25,7/25,8/23,9/22,10/21,11/20,12/19,1/18,2/16,3/18
ALEXANDER II,2,-315,4/16,5/16,6/14,7/14,8/13,9/11,10/11,11/9,12/9,1/7,2/5,3/7
ALEXANDER II,3,-314,4/5,5/5,6/4,7/3,8/2,9/1,9/30,10/30,11/28,12/27,1/26,2/24
ALEXANDER II,4,-313,3/25,4/23,5/23,6/22,7/21,8/20,9/18,10/18,11/16,12/16,1/14,2/13,3/14
ALEXANDER II,5,-312,4/13,5/12,6/11,7/10,8/9,9/8,10/7,11/6,12/5,1/4,2/2,3/4
SELEUCID ERA,1,-311,4/3,5/2,5/31,6/30,7/30,8/28,9/27,10/26,11/25,12/24,1/23,2/21,3/23
SELEUCID ERA,2,-310,4/22,5/21,6/19,7/19,8/17,9/16,10/16,11/14,12/14,1/12,2/11,3/12
SELEUCID ERA,3,-309,4/10,5/10,6/8,7/7,8/6,9/4,10/4,11/2,12/2,12/31,1/30,2/28
SELEUCID ERA,4,-308,3/30,4/28,5/28,6/26,7/26,8/25,9/23,10/23,11/21,12/21,1/19,2/18,3/19
SELEUCID ERA,5,-307,4/18,5/17,6/16,7/15,8/14,9/13,10/12,11/11,12/10,1/9,2/7,3/9
SELEUCID ERA,6,-306,4/7,5/7,6/5,7/5,8/3,9/2,10/2,10/31,11/29,12/29,1/27,2/26
SELEUCID ERA,7,-305,3/26,4/25,5/24,6/23,7/23,8/21,9/20,10/19,11/18,12/17,1/16,2/14,3/16
SELEUCID ERA,8,-304,4/14,5/14,6/12,7/12,8/11,9/9,10/9,11/7,12/7,1/5,2/4,3/5
SELEUCID ERA,9,-303,4/4,5/3,6/2,7/1,7/31,8/30,9/28,10/28,11/26,12/26,1/24,2/23,3/24
SELEUCID ERA,10,-302,4/23,5/22,6/21,7/20,8/19,9/18,10/17,11/16,12/16,1/14,2/13,3/13
SELEUCID ERA,11,-301,4/12,5/11,6/9,7/9,8/7,9/6,10/5,11/4,12/3,1/2,2/1,3/2
SELEUCID ERA,12,-300,4/1,5/1,5/30,6/28,7/28,8/26,9/25,10/24,11/23,12/22,1/21,2/19,3/21
SELEUCID ERA,13,-299,4/20,5/19,6/17,7/17,8/15,9/14,10/14,11/12,12/12,1/10,2/9,3/10
SELEUCID ERA,14,-298,4/9,5/8,6/7,7/6,8/5,9/4,10/3,11/2,12/1,12/30,1/29,2/27
SELEUCID ERA,15,-297,3/28,4/26,5/26,6/25,7/24,8/23,9/21,10/21,11/19,12/19,1/17,2/16,3/17
SELEUCID ERA,16,-296,4/16,5/16,6/14,7/14,8/12,9/11,10/11,11/9,12/8,1/7,2/5,3/7
SELEUCID ERA,17,-295,4/5,5/5,6/3,7/3,8/2,8/31,9/30,10/29,11/28,12/27,1/26,2/24
SELEUCID ERA,18,-294,3/26,4/24,5/24,6/23,7/22,8/21,9/19,10/19,11/17,12/17,1/15,2/14,3/14
SELEUCID ERA,19,-293,4/13,5/12,6/11,7/10,8/9,9/8,10/7,11/6,12/5,1/4,2/2,3/4
SELEUCID ERA,20,-292,4/3,5/2,5/31,6/30,7/29,8/28,9/27,10/26,11/24,12/24,1/22,2/21,3/22
SELEUCID ERA,21,-291,4/21,5/20,6/19,7/19,8/17,9/16,10/15,11/14,12/13,1/12,2/10,3/12
SELEUCID ERA,22,-290,4/10,5/10,6/8,7/8,8/7,9/5,10/5,11/3,12/3,1/1,1/31,2/29
SELEUCID ERA,23,-289,3/30,4/28,5/28,6/26,7/26,8/24,9/23,10/23,11/21,12/21,1/19,2/17,3/19
SELEUCID ERA,24,-288,4/17,5/17,6/16,7/15,8/14,9/13,10/12,11/11,12/10,1/8,2/7,3/8
SELEUCID ERA,25,-287,4/7,5/7,6/5,7/5,8/3,9/2,10/2,10/31,11/29,12/29,1/27,2/26
SELEUCID ERA,26,-286,3/27,4/26,5/25,6/24,7/24,8/22,9/21,10/20,11/19,12/18,1/17,2/15,3/16
SELEUCID ERA,27,-285,4/14,5/14,6/12,7/12,8/11,9/9,10/9,11/7,12/7,1/5,2/4,3/6
SELEUCID ERA,28,-284,4/4,5/3,6/2,7/1,7/31,8/29,9/28,10/27,11/26,12/26,1/24,2/23,3/25
SELEUCID ERA,29,-283,4/23,5/22,6/21,7/20,8/19,9/17,10/17,11/15,12/15,1/14,2/12,3/13
SELEUCID ERA,30,-282,4/12,5/11,6/10,7/10,8/8,9/7,10/6,11/5,12/4,1/3,2/1,3/2
SELEUCID ERA,31,-281,3/31,4/30,5/29,6/28,7/28,8/26,9/25,10/24,11/23,12/22,1/21,2/19,3/20
SELEUCID ERA,32,-280,4/19,5/19,6/17,7/17,8/15,9/14,10/14,11/12,12/12,1/10,2/8,3/10
SELEUCID ERA,33,-279,4/8,5/8,6/7,7/6,8/5,9/3,10/3,11/2,12/1,12/31,1/29,2/27
SELEUCID ERA,34,-278,3/29,4/27,5/27,6/26,7/25,8/24,9/22,10/22,11/20,12/20,1/18,2/17,3/17
SELEUCID ERA,35,-277,4/16,5/15,6/14,7/13,8/12,9/11,10/10,11/9,12/8,1/7,2/5,3/7
SELEUCID ERA,36,-276,4/5,5/5,6/3,7/3,8/1,8/31,9/30,10/29,11/28,12/27,1/26,2/25
SELEUCID ERA,37,-275,3/26,4/24,5/24,6/22,7/22,8/20,9/19,10/18,11/17,12/17,1/15,2/13,3/15
SELEUCID ERA,38,-274,4/14,5/13,6/12,7/11,8/10,9/8,10/8,11/6,12/6,1/4,2/3,3/3
SELEUCID ERA,39,-273,4/2,5/1,5/31,6/30,7/29,8/28,9/26,10/26,11/24,12/24,1/22,2/21,3/22
SELEUCID ERA,40,-272,4/21,5/20,6/19,7/18,8/17,9/16,10/15,11/14,12/13,1/12,2/10,3/11
SELEUCID ERA,41,-271,4/10,5/10,6/8,7/8,8/6,9/5,10/5,11/3,12/3,1/1,1/30,3/1
SELEUCID ERA,42,-270,3/30,4/29,5/28,6/27,7/27,8/25,9/24,10/23,11/22,12/21,1/20,2/18,3/19
SELEUCID ERA,43,-269,4/17,5/17,6/16,7/15,8/14,9/12,10/12,11/10,12/10,1/8,2/6,3/8
SELEUCID ERA,44,-268,4/7,5/6,6/5,7/4,8/3,9/2,10/1,10/31,11/29,12/29,1/27,2/25
SELEUCID ERA,45,-267,3/27,4/26,5/25,6/24,7/23,8/22,9/21,10/20,11/19,12/18,1/16,2/15,3/16
SELEUCID ERA,46,-266,4/15,5/14,6/13,7/13,8/11,9/10,10/9,11/8,12/7,1/6,2/4,3/5
SELEUCID ERA,47,-265,4/4,5/3,6/2,7/1,7/31,8/29,9/28,10/27,11/26,12/25,1/24,2/22,3/24
SELEUCID ERA,48,-264,4/23,5/22,6/20,7/20,8/18,9/17,10/17,11/15,12/15,1/13,2/12,3/13
SELEUCID ERA,49,-263,4/12,5/11,6/10,7/9,8/8,9/7,10/6,11/5,12/4,1/3,2/1,3/2
SELEUCID ERA,50,-262,4/1,5/1,5/30,6/29,7/28,8/27,9/25,10/25,11/23,12/23,1/21,2/20,3/20
SELEUCID ERA,51,-261,4/18,5/18,6/17,7/17,8/15,9/14,10/13,11/12,12/11,1/10,2/8,3/10
SELEUCID ERA,52,-260,4/8,5/8,6/6,7/6,8/5,9/3,10/3,11/1,12/1,12/30,1/29,2/27
SELEUCID ERA,53,-259,3/29,4/27,5/27,6/25,7/25,8/24,9/22,10/22,11/20,12/20,1/18,2/17,3/18
SELEUCID ERA,54,-258,4/17,5/16,6/15,7/14,8/13,9/11,10/11,11/10,12/9,1/8,2/6,3/6
SELEUCID ERA,55,-257,4/5,5/4,6/3,7/3,8/1,8/31,9/29,10/29,11/27,12/27,1/25,2/24
SELEUCID ERA,56,-256,3/26,4/24,5/23,6/22,7/22,8/20,9/19,10/18,11/17,12/16,1/15,2/13,3/15
SELEUCID ERA,57,-255,4/14,5/13,6/11,7/11,8/9,9/8,10/8,11/6,12/6,1/4,2/2,3/4
SELEUCID ERA,58,-254,4/3,5/2,6/1,6/30,7/30,8/28,9/27,10/26,11/25,12/24,1/23,2/21,3/22
SELEUCID ERA,59,-253,4/20,5/20,6/18,7/18,8/17,9/15,10/15,11/13,12/13,1/11,2/10,3/11
SELEUCID ERA,60,-252,4/9,5/9,6/8,7/7,8/6,9/5,10/4,11/3,12/2,1/1,1/30,2/28
SELEUCID ERA,61,-251,3/30,4/29,5/28,6/27,7/26,8/25,9/23,10/23,11/22,12/21,1/19,2/18,3/19
SELEUCID ERA,62,-250,4/18,5/17,6/16,7/16,8/14,9/13,10/12,11/11,12/10,1/9,2/7,3/8
SELEUCID ERA,63,-249,4/7,5/6,6/4,7/4,8/3,9/1,10/1,10/30,11/29,12/28,1/27,2/25
SELEUCID ERA,64,-248,3/27,4/25,5/25,6/23,7/23,8/22,9/20,10/20,11/18,12/18,1/16,2/15,3/16
SELEUCID ERA,65,-247,4/15,5/14,6/13,7/12,8/11,9/10,10/9,11/8,12/7,1/6,2/4,3/6
SELEUCID ERA,66,-246,4/4,5/4,6/2,7/2,7/31,8/30,9/28,10/28,11/26,12/26,1/24,2/23,3/23
SELEUCID ERA,67,-245,4/22,5/21,6/20,7/20,8/18,9/17,10/16,11/15,12/14,1/13,2/11,3/13
SELEUCID ERA,68,-244,4/11,5/11,6/9,7/9,8/8,9/6,10/6,11/4,12/4,1/2,2/1,3/2
SELEUCID ERA,69,-243,3/31,4/30,5/30,6/28,7/28,8/27,9/25,10/25,11/23,12/23,1/21,2/19,3/21
SELEUCID ERA,70,-242,4/19,5/19,6/18,7/17,8/16,9/15,10/14,11/13,12/12,1/10,2/9,3/9
SELEUCID ERA,71,-241,4/8,5/7,6/6,7/6,8/4,9/3,10/2,11/1,11/30,12/30,1/28,2/27
SELEUCID ERA,72,-240,3/29,4/27,5/26,6/25,7/25,8/23,9/22,10/21,11/20,12/19,1/18,2/16,3/18
SELEUCID ERA,73,-239,4/17,5/16,6/14,7/14,8/13,9/11,10/11,11/9,12/9,1/7,2/5,3/7
SELEUCID ERA,74,-238,4/6,5/5,6/4,7/3,8/2,9/1,9/30,10/30,11/28,12/27,1/26,2/24
SELEUCID ERA,75,-237,3/25,4/23,5/23,6/22,7/21,8/20,9/18,10/18,11/16,12/16,1/14,2/13,3/14
SELEUCID ERA,76,-236,4/13,5/12,6/11,7/10,8/9,9/8,10/7,11/6,12/5,1/4,2/2,3/4
SELEUCID ERA,77,-235,4/2,5/2,5/31,6/30,7/30,8/28,9/27,10/26,11/25,12/24,1/22,2/21,3/23
SELEUCID ERA,78,-234,4/21,5/21,6/19,7/19,8/17,9/16,10/16,11/14,12/14,1/12,2/10,3/11
SELEUCID ERA,79,-233,4/9,5/9,6/7,7/7,8/6,9/4,10/4,11/2,12/2,12/31,1/30,2/28
SELEUCID ERA,80,-232,3/30,4/28,5/28,6/26,7/26,8/25,9/23,10/23,11/21,12/21,1/19,2/18,3/20
SELEUCID ERA,81,-231,4/18,5/17,6/16,7/15,8/14,9/12,10/12,11/11,12/10,1/9,2/8,3/9
SELEUCID ERA,82,-230,4/8,5/7,6/5,7/5,8/3,9/2,10/2,10/31,11/29,12/29,1/27,2/26
SELEUCID ERA,83,-229,3/27,4/25,5/24,6/23,7/23,8/21,9/20,10/19,11/18,12/17,1/16,2/14,3/16
SELEUCID ERA,84,-228,4/15,5/14,6/12,7/12,8/11,9/9,10/9,11/7,12/7,1/5,2/4,3/5
SELEUCID ERA,85,-227,4/4,5/3,6/2,7/1,7/31,8/30,9/28,10/28,11/26,12/26,1/24,2/23,3/24
SELEUCID ERA,86,-226,4/22,5/22,6/21,7/20,8/19,9/18,10/17,11/16,12/15,1/13,2/12,3/12
SELEUCID ERA,87,-225,4/11,5/11,6/9,7/9,8/7,9/6,10/5,11/4,12/3,1/2,1/31,3/2
SELEUCID ERA,88,-224,3/31,4/30,5/29,6/28,7/28,8/26,9/25,10/24,11/23,12/22,1/21,2/19,3/21
SELEUCID ERA,89,-223,4/19,5/19,6/17,7/17,8/15,9/14,10/14,11/12,12/12,1/10,2/9,3/10
SELEUCID ERA,90,-222,4/9,5/8,6/7,7/6,8/5,9/4,10/3,11/2,12/1,12/30,1/29,2/27
SELEUCID ERA,91,-221,3/28,4/26,5/26,6/25,7/24,8/23,9/21,10/21,11/19,12/19,1/17,2/16,3/17
SELEUCID ERA,92,-220,4/16,5/16,6/14,7/14,8/12,9/11,10/11,11/9,12/8,1/7,2/5,3/7
SELEUCID ERA,93,-219,4/5,5/5,6/3,7/3,8/2,8/31,9/30,10/29,11/28,12/27,1/26,2/24
SELEUCID ERA,94,-218,3/25,4/24,5/24,6/23,7/22,8/21,9/19,10/19,11/17,12/17,1/15,2/14,3/14
SELEUCID ERA,95,-217,4/12,5/12,6/11,7/10,8/9,9/8,10/7,11/6,12/5,1/4,2/2,3/4
SELEUCID ERA,96,-216,4/2,5/2,5/31,6/30,7/29,8/28,9/27,10/26,11/24,12/24,1/22,2/21,3/22
SELEUCID ERA,97,-215,4/21,5/20,6/19,7/19,8/17,9/16,10/15,11/14,12/13,1/12,2/10,3/12
SELEUCID ERA,98,-214,4/10,5/10,6/8,7/8,8/7,9/5,10/5,11/3,12/3,1/1,1/31,2/29
SELEUCID ERA,99,-213,3/30,4/28,5/28,6/26,7/26,8/24,9/23,10/23,11/21,12/21,1/19,2/17,3/19
SELEUCID ERA,100,-212,4/18,5/17,6/16,7/15,8/14,9/13,10/12,11/11,12/10,1/8,2/7,3/8
SELEUCID ERA,101,-211,4/7,5/7,6/5,7/5,8/3,9/2,10/2,10/31,11/29,12/29,1/27,2/26
SELEUCID ERA,102,-210,3/27,4/26,5/25,6/24,7/24,8/22,9/21,10/20,11/19,12/18,1/17,2/15,3/15
SELEUCID ERA,103,-209,4/14,5/14,6/12,7/12,8/11,9/9,10/9,11/7,12/7,1/5,2/4,3/5
SELEUCID ERA,104,-208,4/3,5/3,6/2,7/1,7/31,8/29,9/28,10/28,11/26,12/26,1/24,2/23,3/24
SELEUCID ERA,105,-207,4/22,5/22,6/21,7/20,8/19,9/17,10/17,11/15,12/15,1/14,2/12,3/13
SELEUCID ERA,106,-206,4/12,5/11,6/10,7/10,8/8,9/7,10/6,11/5,12/4,1/3,2/1,3/2
SELEUCID ERA,107,-205,3/31,4/30,5/29,6/28,7/28,8/26,9/25,10/24,11/23,12/22,1/21,2/19,3/20
SELEUCID ERA,108,-204,4/19,5/19,6/17,7/17,8/15,9/14,10/14,11/12,12/12,1/10,2/8,3/10
SELEUCID ERA,109,-203,4/9,5/8,6/7,7/6,8/5,9/3,10/3,11/2,12/1,12/31,1/29,2/27
SELEUCID ERA,110,-202,3/29,4/27,5/27,6/26,7/25,8/24,9/22,10/22,11/20,12/20,1/18,2/17,3/17
SELEUCID ERA,111,-201,4/16,5/15,6/14,7/14,8/12,9/11,10/10,11/9,12/8,1/7,2/5,3/7
SELEUCID ERA,112,-200,4/5,5/5,6/3,7/3,8/1,8/31,9/30,10/28,11/28,12/27,1/25,2/24
SELEUCID ERA,113,-199,3/25,4/24,5/24,6/22,7/22,8/20,9/19,10/18,11/17,12/17,1/15,2/13,3/15
SELEUCID ERA,114,-198,4/13,5/13,6/12,7/11,8/10,9/8,10/8,11/6,12/6,1/4,2/3,3/3
SELEUCID ERA,115,-197,4/2,5/1,5/31,6/30,7/29,8/28,9/26,10/26,11/24,12/24,1/22,2/21,3/22
SELEUCID ERA,116,-196,4/21,5/20,6/19,7/18,8/17,9/16,10/15,11/14,12/13,1/12,2/10,3/11
SELEUCID ERA,117,-195,4/10,5/10,6/8,7/8,8/6,9/5,10/5,11/3,12/3,1/1,1/30,3/1
SELEUCID ERA,118,-194,3/31,4/29,5/28,6/27,7/27,8/25,9/24,10/23,11/22,12/21,1/20,2/18,3/19
SELEUCID ERA,119,-193,4/17,5/17,6/16,7/15,8/14,9/12,10/12,11/10,12/10,1/8,2/6,3/8
SELEUCID ERA,120,-192,4/6,5/6,6/5,7/4,8/3,9/2,10/1,10/31,11/29,12/29,1/27,2/25
SELEUCID ERA,121,-191,3/27,4/26,5/25,6/24,7/23,8/22,9/21,10/20,11/19,12/18,1/16,2/15,3/16
SELEUCID ERA,122,-190,4/14,5/14,6/13,7/12,8/11,9/10,10/9,11/8,12/7,1/6,2/4,3/5
SELEUCID ERA,123,-189,4/3,5/3,6/2,7/1,7/31,8/29,9/28,10/27,11/26,12/25,1/24,2/22,3/24
SELEUCID ERA,124,-188,4/22,5/22,6/20,7/20,8/18,9/17,10/17,11/15,12/15,1/13,2/12,3/13
SELEUCID ERA,125,-187,4/12,5/11,6/10,7/9,8/8,9/7,10/6,11/5,12/4,1/3,2/1,3/2
SELEUCID ERA,126,-186,4/1,5/1,5/30,6/29,7/28,8/27,9/25,10/25,11/23,12/23,1/21,2/20,3/20
SELEUCID ERA,127,-185,4/19,5/18,6/17,7/17,8/15,9/14,10/13,11/12,12/11,1/10,2/8,3/10
SELEUCID ERA,128,-184,4/8,5/8,6/6,7/6,8/5,9/3,10/2,11/1,12/1,12/30,1/29,2/27
SELEUCID ERA,129,-183,3/28,4/27,5/27,6/25,7/25,8/24,9/22,10/21,11/20,12/19,1/17,2/16,3/17
SELEUCID ERA,130,-182,4/16,5/16,6/14,7/14,8/13,9/11,10/11,11/10,12/9,1/7,2/6,3/6
SELEUCID ERA,131,-181,4/4,5/4,6/3,7/2,8/1,8/31,9/29,10/29,11/27,12/27,1/25,2/24
SELEUCID ERA,132,-180,3/25,4/24,5/23,6/22,7/21,8/20,9/18,10/18,11/17,12/16,1/15,2/13,3/15
SELEUCID ERA,133,-179,4/13,5/13,6/11,7/11,8/9,9/8,10/8,11/6,12/6,1/4,2/2,3/4
SELEUCID ERA,134,-178,4/3,5/2,6/1,6/30,7/30,8/28,9/27,10/26,11/25,12/24,1/23,2/21,3/22
SELEUCID ERA,135,-177,4/21,5/20,6/18,7/18,8/17,9/15,10/14,11/13,12/13,1/11,2/10,3/11
SELEUCID ERA,136,-176,4/10,5/9,6/8,7/8,8/6,9/5,10/4,11/2,12/2,1/1,1/30,2/28
SELEUCID ERA,137,-175,3/30,4/29,5/28,6/27,7/26,8/25,9/24,10/23,11/22,12/21,1/19,2/18,3/19
SELEUCID ERA,138,-174,4/18,5/17,6/16,7/16,8/14,9/13,10/12,11/11,12/10,1/9,2/7,3/8
SELEUCID ERA,139,-173,4/6,5/6,6/4,7/4,8/3,9/1,10/1,10/30,11/29,12/28,1/27,2/25
SELEUCID ERA,140,-172,3/26,4/25,5/25,6/23,7/23,8/22,9/20,10/20,11/18,12/18,1/16,2/15,3/16
SELEUCID ERA,141,-171,4/14,5/14,6/13,7/12,8/11,9/10,10/9,11/8,12/7,1/6,2/4,3/6
SELEUCID ERA,142,-170,4/4,5/4,6/2,7/2,7/31,8/30,9/28,10/28,11/26,12/26,1/24,2/23,3/23
SELEUCID ERA,143,-169,4/22,5/21,6/20,7/20,8/18,9/17,10/16,11/15,12/14,1/13,2/11,3/13
SELEUCID ERA,144,-168,4/11,5/11,6/9,7/9,8/8,9/6,10/6,11/4,12/4,1/2,2/1,3/2
SELEUCID ERA,145,-167,4/1,4/30,5/30,6/28,7/28,8/27,9/25,10/24,11/23,12/22,1/20,2/19,3/21
SELEUCID ERA,146,-166,4/20,5/19,6/18,7/17,8/16,9/14,10/14,11/13,12/12,1/10,2/9,3/9
SELEUCID ERA,147,-165,4/8,5/7,6/6,7/6,8/4,9/3,10/2,11/1,11/30,12/29,1/28,2/26
SELEUCID ERA,148,-164,3/28,4/26,5/26,6/25,7/25,8/23,9/22,10/21,11/20,12/19,1/18,2/16,3/17
SELEUCID ERA,149,-163,4/16,5/15,6/14,7/14,8/12,9/11,10/11,11/9,12/9,1/7,2/6,3/7
SELEUCID ERA,150,-162,4/5,5/5,6/3,7/3,8/1,8/31,9/30,10/29,11/28,12/28,1/26,2/24
SELEUCID ERA,151,-161,3/25,4/23,5/23,6/22,7/21,8/19,9/18,10/17,11/16,12/16,1/14,2/13,3/15
SELEUCID ERA,152,-160,4/13,5/12,6/11,7/10,8/8,9/7,10/7,11/5,12/5,1/4,2/2,3/4
SELEUCID ERA,153,-159,4/3,5/2,5/31,6/30,7/30,8/28,9/26,10/26,11/25,12/24,1/22,2/21,3/23
SELEUCID ERA,154,-158,4/21,5/21,6/19,7/19,8/17,9/16,10/16,11/14,12/14,1/12,2/10,3/11
SELEUCID ERA,155,-157,4/9,5/9,6/8,7/7,8/6,9/4,10/4,11/2,12/2,12/31,1/30,2/28
SELEUCID ERA,156,-156,3/29,4/28,5/28,6/26,7/26,8/25,9/23,10/23,11/21,12/21,1/19,2/18,3/19
SELEUCID ERA,157,-155,4/17,5/17,6/16,7/15,8/14,9/13,10/12,11/11,12/10,1/9,2/7,3/9
SELEUCID ERA,158,-154,4/7,5/6,6/5,7/4,8/3,9/2,10/2,10/31,11/30,12/29,1/28,2/26
SELEUCID ERA,159,-153,3/26,4/25,5/24,6/23,7/23,8/21,9/20,10/19,11/18,12/17,1/16,2/14,3/16
SELEUCID ERA,160,-152,4/14,5/14,6/12,7/11,8/10,9/9,10/9,11/7,12/7,1/5,2/4,3/5
SELEUCID ERA,161,-151,4/4,5/3,6/2,7/1,7/31,8/29,9/28,10/28,11/26,12/26,1/24,2/23,3/24
SELEUCID ERA,162,-150,4/23,5/22,6/21,7/20,8/19,9/18,10/17,11/16,12/15,1/13,2/12,3/12
SELEUCID ERA,163,-149,4/11,5/11,6/9,7/9,8/7,9/6,10/5,11/4,12/3,1/2,1/31,3/2
SELEUCID ERA,164,-148,3/31,4/30,5/29,6/28,7/28,8/26,9/25,10/24,11/23,12/22,1/21,2/19,3/21
SELEUCID ERA,165,-147,4/19,5/19,6/17,7/17,8/15,9/14,10/14,11/12,12/12,1/10,2/9,3/10
SELEUCID ERA,166,-146,4/8,5/8,6/7,7/6,8/5,9/4,10/3,11/2,12/1,12/30,1/29,2/27
SELEUCID ERA,167,-145,3/28,4/26,5/26,6/25,7/24,8/23,9/21,10/21,11/19,12/19,1/17,2/16,3/17
SELEUCID ERA,168,-144,4/16,5/16,6/14,7/14,8/12,9/11,10/11,11/9,12/8,1/7,2/5,3/7
SELEUCID ERA,169,-143,4/5,5/5,6/3,7/3,8/2,8/31,9/30,10/29,11/28,12/27,1/26,2/24
SELEUCID ERA,170,-142,3/26,4/24,5/24,6/23,7/22,8/20,9/19,10/19,11/17,12/16,1/15,2/14,3/14
SELEUCID ERA,171,-141,4/13,5/12,6/11,7/10,8/9,9/7,10/7,11/5,12/5,1/3,2/2,3/3
SELEUCID ERA,172,-140,4/2,5/2,5/31,6/30,7/29,8/27,9/26,10/25,11/24,12/24,1/22,2/20,3/22
SELEUCID ERA,173,-139,4/21,5/20,6/19,7/19,8/17,9/16,10/15,11/13,12/13,1/12,2/10,3/11
SELEUCID ERA,174,-138,4/10,5/10,6/8,7/8,8/7,9/5,10/5,11/3,12/3,1/1,1/30,2/29
SELEUCID ERA,175,-137,3/29,4/27,5/27,6/26,7/25,8/24,9/23,10/23,11/21,12/21,1/19,2/17,3/19
SELEUCID ERA,176,-136,4/17,5/16,6/15,7/14,8/13,9/12,10/12,11/11,12/10,1/8,2/7,3/8
SELEUCID ERA,177,-135,4/7,5/7,6/5,7/5,8/3,9/2,10/2,10/31,11/29,12/29,1/27,2/26
SELEUCID ERA,178,-134,3/27,4/26,5/25,6/23,7/23,8/21,9/20,10/20,11/19,12/18,1/17,2/15,3/16
SELEUCID ERA,179,-133,4/14,5/14,6/12,7/12,8/11,9/9,10/9,11/7,12/7,1/5,2/4,3/5
SELEUCID ERA,180,-132,4/4,5/3,6/2,7/1,7/31,8/29,9/29,10/27,11/26,12/26,1/24,2/23,3/24
SELEUCID ERA,181,-131,4/22,5/22,6/21,7/20,8/19,9/17,10/17,11/15,12/15,1/13,2/12,3/13
SELEUCID ERA,182,-130,4/11,5/11,6/10,7/10,8/8,9/7,10/6,11/5,12/4,1/3,2/1,3/2
SELEUCID ERA,183,-129,3/31,4/30,5/29,6/28,7/27,8/26,9/25,10/24,11/23,12/22,1/20,2/19,3/20
SELEUCID ERA,184,-128,4/18,5/18,6/17,7/16,8/15,9/14,10/13,11/12,12/12,1/10,2/8,3/10
SELEUCID ERA,185,-127,4/8,5/8,6/7,7/6,8/4,9/3,10/3,11/1,12/1,12/31,1/29,2/27
SELEUCID ERA,186,-126,3/29,4/27,5/27,6/26,7/25,8/24,9/22,10/22,11/20,12/20,1/18,2/17,3/17
SELEUCID ERA,187,-125,4/16,5/15,6/14,7/13,8/12,9/11,10/10,11/9,12/8,1/7,2/5,3/7
SELEUCID ERA,188,-124,4/5,5/5,6/3,7/2,8/1,8/30,9/28,10/28,11/27,12/26,1/25,2/24
SELEUCID ERA,189,-123,3/26,4/24,5/24,6/22,7/22,8/20,9/19,10/17,11/17,12/16,1/15,2/13,3/15
SELEUCID ERA,190,-122,4/13,5/13,6/12,7/11,8/10,9/8,10/8,11/6,12/6,1/4,2/3,3/3
SELEUCID ERA,191,-121,4/2,5/1,5/31,6/30,7/29,8/28,9/26,10/26,11/24,12/23,1/22,2/20,3/21
SELEUCID ERA,192,-120,4/20,5/20,6/18,7/18,8/17,9/15,10/15,11/14,12/13,1/11,2/10,3/11
SELEUCID ERA,193,-119,4/9,5/9,6/7,7/7,8/5,9/4,10/4,11/3,12/3,1/1,1/30,3/1
SELEUCID ERA,194,-118,3/30,4/28,5/28,6/27,7/26,8/25,9/24,10/23,11/22,12/21,1/20,2/18,3/19
SELEUCID ERA,195,-117,4/17,5/16,6/14,7/14,8/12,9/11,10/11,11/10,12/10,1/8,2/6,3/8
SELEUCID ERA,196,-116,4/7,5/6,6/5,7/4,8/3,9/2,10/1,10/31,11/29,12/29,1/27,2/25
SELEUCID ERA,197,-115,3/27,4/26,5/25,6/24,7/23,8/22,9/21,10/20,11/19,12/18,1/16,2/15,3/16
SELEUCID ERA,198,-114,4/15,5/14,6/13,7/13,8/11,9/10,10/9,11/8,12/7,1/6,2/4,3/5
SELEUCID ERA,199,-113,4/3,5/3,6/2,7/1,7/31,8/29,9/28,10/27,11/26,12/25,1/24,2/22,3/24
SELEUCID ERA,200,-112,4/22,5/22,6/20,7/20,8/18,9/17,10/17,11/15,12/14,1/12,2/11,3/12
SELEUCID ERA,201,-111,4/11,5/10,6/9,7/9,8/8,9/7,10/6,11/5,12/4,1/2,2/1,3/2
SELEUCID ERA,202,-110,3/31,4/30,5/29,6/28,7/28,8/27,9/25,10/25,11/23,12/23,1/21,2/19,3/20
SELEUCID ERA,203,-109,4/18,5/18,6/16,7/16,8/15,9/13,10/13,11/12,12/11,1/10,2/8,3/10
SELEUCID ERA,204,-108,4/8,5/8,6/6,7/6,8/5,9/3,10/3,11/1,12/1,12/30,1/29,2/27
SELEUCID ERA,205,-107,3/29,4/27,5/27,6/25,7/25,8/24,9/22,10/22,11/20,12/20,1/18,2/17,3/18
SELEUCID ERA,206,-106,4/17,5/16,6/15,7/14,8/13,9/11,10/11,11/10,12/9,1/8,2/6,3/6
SELEUCID ERA,207,-105,4/5,5/4,6/3,7/3,8/1,8/31,9/29,10/29,11/27,12/27,1/25,2/24
SELEUCID ERA,208,-104,3/25,4/24,5/23,6/22,7/21,8/20,9/18,10/17,11/16,12/15,1/14,2/12,3/14
SELEUCID ERA,209,-103,4/13,5/12,6/11,7/10,8/9,9/8,10/7,11/6,12/5,1/4,2/2,3/3
SELEUCID ERA,210,-102,4/2,5/1,5/31,6/29,7/29,8/28,9/27,10/26,11/25,12/24,1/23,2/21,3/21
SELEUCID ERA,211,-101,4/20,5/20,6/18,7/18,8/17,9/15,10/15,11/13,12/13,1/11,2/10,3/11
SELEUCID ERA,212,-100,4/9,5/9,6/8,7/7,8/6,9/5,10/4,11/3,12/2,1/1,1/30,2/28
SELEUCID ERA,213,-99,3/30,4/29,5/28,6/27,7/26,8/25,9/24,10/23,11/22,12/21,1/19,2/18,3/19
SELEUCID ERA,214,-98,4/18,5/17,6/16,7/16,8/14,9/13,10/12,11/11,12/10,1/9,2/7,3/8
SELEUCID ERA,215,-97,4/6,5/6,6/4,7/4,8/3,9/1,10/1,10/30,11/29,12/28,1/27,2/25
SELEUCID ERA,216,-96,3/27,4/25,5/25,6/23,7/23,8/22,9/20,10/20,11/18,12/18,1/16,2/15,3/16
SELEUCID ERA,217,-95,4/14,5/14,6/13,7/12,8/11,9/9,10/9,11/7,12/6,1/5,2/3,3/5
SELEUCID ERA,218,-94,4/3,5/3,6/2,7/1,7/31,8/30,9/28,10/28,11/26,12/26,1/24,2/23,3/23
SELEUCID ERA,219,-93,4/21,5/21,6/20,7/19,8/18,9/17,10/16,11/15,12/14,1/13,2/11,3/12
SELEUCID ERA,220,-92,4/11,5/10,6/9,7/8,8/7,9/6,10/6,11/4,12/4,1/2,1/31,3/2
SELEUCID ERA,221,-91,3/31,4/30,5/30,6/28,7/28,8/27,9/25,10/25,11/23,12/23,1/21,2/19,3/21
SELEUCID ERA,222,-90,4/19,5/19,6/18,7/17,8/16,9/15,10/14,11/13,12/12,1/10,2/9,3/9
SELEUCID ERA,223,-89,4/8,5/7,6/6,7/6,8/4,9/3,10/2,11/1,11/30,12/30,1/28,2/27
SELEUCID ERA,224,-88,3/28,4/27,5/26,6/25,7/25,8/23,9/22,10/21,11/20,12/19,1/18,2/16,3/18
SELEUCID ERA,225,-87,4/16,5/16,6/14,7/14,8/13,9/11,10/11,11/9,12/9,1/7,2/5,3/7
SELEUCID ERA,226,-86,4/5,5/5,6/4,7/3,8/2,9/1,9/30,10/30,11/28,12/27,1/26,2/24
SELEUCID ERA,227,-85,3/24,4/23,5/23,6/21,7/21,8/20,9/18,10/18,11/16,12/16,1/14,2/13,3/14
SELEUCID ERA,228,-84,4/12,5/12,6/11,7/10,8/9,9/8,10/7,11/6,12/5,1/4,2/2,3/4
SELEUCID ERA,229,-83,4/2,5/2,5/31,6/30,7/30,8/28,9/27,10/26,11/25,12/24,1/22,2/21,3/23
SELEUCID ERA,230,-82,4/21,5/21,6/19,7/19,8/17,9/16,10/16,11/14,12/14,1/12,2/10,3/11
SELEUCID ERA,231,-81,4/9,5/9,6/7,7/7,8/6,9/4,10/4,11/2,12/2,12/31,1/30,2/28
SELEUCID ERA,232,-80,3/30,4/28,5/28,6/26,7/26,8/25,9/23,10/23,11/21,12/21,1/19,2/18,3/19
SELEUCID ERA,233,-79,4/18,5/17,6/16,7/15,8/14,9/13,10/12,11/11,12/10,1/9,2/7,3/9
SELEUCID ERA,234,-78,4/7,5/7,6/5,7/4,8/3,9/2,10/1,10/31,11/29,12/28,1/27,2/25
SELEUCID ERA,235,-77,3/26,4/25,5/24,6/23,7/23,8/21,9/20,10/19,11/18,12/17,1/15,2/14,3/15
SELEUCID ERA,236,-76,4/14,5/13,6/12,7/12,8/11,9/9,10/9,11/7,12/6,1/5,2/3,3/4
SELEUCID ERA,237,-75,4/3,5/2,6/1,7/1,7/31,8/29,9/28,10/28,11/26,12/25,1/24,2/22,3/23
SELEUCID ERA,238,-74,4/22,5/21,6/20,7/20,8/18,9/17,10/17,11/15,12/15,1/13,2/12,3/12
SELEUCID ERA,239,-73,4/11,5/11,6/9,7/9,8/7,9/6,10/5,11/4,12/3,1/2,1/31,3/2
SELEUCID ERA,240,-72,3/31,4/30,5/29,6/28,7/28,8/26,9/25,10/24,11/23,12/22,1/21,2/19,3/21
SELEUCID ERA,241,-71,4/19,5/19,6/17,7/17,8/15,9/14,10/14,11/12,12/12,1/10,2/9,3/10
SELEUCID ERA,242,-70,4/9,5/8,6/7,7/6,8/5,9/4,10/3,11/2,12/1,12/30,1/29,2/27
SELEUCID ERA,243,-69,3/28,4/26,5/26,6/25,7/24,8/23,9/21,10/21,11/19,12/19,1/17,2/16,3/17
SELEUCID ERA,244,-68,4/16,5/15,6/13,7/13,8/11,9/10,10/10,11/8,12/7,1/6,2/4,3/6
SELEUCID ERA,245,-67,4/5,5/4,6/2,7/2,8/1,8/30,9/29,10/28,11/27,12/26,1/25,2/23
SELEUCID ERA,246,-66,3/25,4/23,5/23,6/22,7/21,8/20,9/18,10/18,11/16,12/16,1/14,2/13,3/13
SELEUCID ERA,247,-65,4/12,5/11,6/10,7/9,8/8,9/7,10/6,11/5,12/4,1/3,2/1,3/3
SELEUCID ERA,248,-64,4/2,5/1,5/30,6/29,7/28,8/27,9/26,10/25,11/24,12/24,1/22,2/21,3/22
SELEUCID ERA,249,-63,4/21,5/20,6/18,7/18,8/16,9/15,10/14,11/13,12/13,1/12,2/10,3/12
SELEUCID ERA,250,-62,4/10,5/10,6/8,7/7,8/6,9/4,10/4,11/2,12/2,12/31,1/30,2/28
SELEUCID ERA,251,-61,3/29,4/27,5/27,6/25,7/25,8/23,9/22,10/22,11/20,12/20,1/18,2/16,3/18
SELEUCID ERA,252,-60,4/17,5/16,6/15,7/14,8/13,9/12,10/11,11/10,12/9,1/8,2/6,3/8
SELEUCID ERA,253,-59,4/7,5/6,6/4,7/4,8/2,9/1,10/1,10/30,11/28,12/28,1/26,2/25
SELEUCID ERA,254,-58,3/26,4/25,5/24,6/23,7/23,8/21,9/20,10/19,11/18,12/17,1/16,2/14,3/15
SELEUCID ERA,255,-57,4/13,5/13,6/11,7/11,8/10,9/8,10/8,11/6,12/6,1/4,2/3,3/4
SELEUCID ERA,256,-56,4/3,5/2,6/1,6/30,7/30,8/28,9/27,10/26,11/25,12/25,1/23,2/22,3/24
SELEUCID ERA,257,-55,4/22,5/21,6/20,7/19,8/18,9/16,10/16,11/15,12/14,1/13,2/12,3/13
SELEUCID ERA,258,-54,4/12,5/11,6/9,7/9,8/7,9/6,10/5,11/4,12/3,1/2,2/1,3/1
SELEUCID ERA,259,-53,3/31,4/30,5/29,6/27,7/27,8/25,9/24,10/23,11/22,12/21,1/20,2/19,3/20
SELEUCID ERA,260,-52,4/19,5/18,6/16,7/16,8/14,9/13,10/13,11/11,12/11,1/9,2/8,3/9
SELEUCID ERA,261,-51,4/8,5/8,6/6,7/5,8/4,9/2,10/2,11/1,11/30,12/30,1/28,2/26
SELEUCID ERA,262,-50,3/28,4/26,5/26,6/25,7/24,8/23,9/21,10/21,11/19,12/19,1/17,2/16,3/16
SELEUCID ERA,263,-49,4/15,5/14,6/13,7/12,8/11,9/10,10/9,11/8,12/7,1/6,2/4,3/6
SELEUCID ERA,264,-48,4/4,5/4,6/2,7/2,7/31,8/30,9/29,10/28,11/27,12/27,1/25,2/24
SELEUCID ERA,265,-47,3/25,4/23,5/23,6/21,7/21,8/19,9/18,10/18,11/16,12/16,1/15,2/13,3/15
SELEUCID ERA,266,-46,4/13,5/12,6/11,7/10,8/9,9/7,10/7,11/6,12/5,1/4,2/3,3/3
SELEUCID ERA,267,-45,4/2,5/1,5/30,6/29,7/28,8/27,9/25,10/25,11/23,12/23,1/21,2/20,3/21
SELEUCID ERA,268,-44,4/20,5/19,6/18,7/17,8/16,9/15,10/14,11/13,12/12,1/11,2/9,3/11
SELEUCID ERA,269,-43,4/10,5/9,6/7,7/7,8/5,9/4,10/4,11/2,12/2,12/31,1/29,2/28
SELEUCID ERA,270,-42,3/30,4/28,5/27,6/26,7/26,8/24,9/23,10/22,11/21,12/20,1/19,2/17,3/18
SELEUCID ERA,271,-41,4/16,5/16,6/15,7/14,8/13,9/11,10/11,11/9,12/9,1/7,2/5,3/7
SELEUCID ERA,272,-40,4/6,5/5,6/4,7/3,8/2,9/1,9/30,10/30,11/28,12/28,1/26,2/24
SELEUCID ERA,273,-39,3/26,4/25,5/24,6/23,7/22,8/21,9/20,10/19,11/18,12/17,1/15,2/14,3/15
SELEUCID ERA,274,-38,4/14,5/13,6/12,7/12,8/10,9/9,10/8,11/7,12/6,1/5,2/3,3/4
SELEUCID ERA,275,-37,4/3,5/2,6/1,6/30,7/30,8/28,9/27,10/26,11/25,12/24,1/23,2/21,3/23
SELEUCID ERA,276,-36,4/22,5/21,6/19,7/19,8/17,9/16,10/16,11/14,12/14,1/12,2/11,3/12
SELEUCID ERA,277,-35,4/11,5/10,6/9,7/8,8/7,9/6,10/5,11/4,12/3,1/2,1/31,3/2
SELEUCID ERA,278,-34,4/1,4/30,5/29,6/28,7/27,8/26,9/24,10/24,11/22,12/22,1/20,2/19,3/19
SELEUCID ERA,279,-33,4/18,5/17,6/16,7/16,8/14,9/13,10/12,11/11,12/10,1/9,2/7,3/9
SELEUCID ERA,280,-32,4/7,5/7,6/5,7/5,8/4,9/2,10/2,10/31,11/30,12/29,1/28,2/26
SELEUCID ERA,281,-31,3/28,4/26,5/26,6/24,7/24,8/23,9/21,10/21,11/19,12/19,1/17,2/16,3/17
SELEUCID ERA,282,-30,4/16,5/15,6/14,7/13,8/12,9/10,10/10,11/9,12/8,1/7,2/5,3/5
SELEUCID ERA,283,-29,4/4,5/3,6/2,7/2,7/31,8/30,9/28,10/28,11/27,12/27,1/25,2/24
SELEUCID ERA,284,-28,3/25,4/23,5/23,6/21,7/21,8/19,9/18,10/17,11/16,12/15,1/14,2/12,3/14
SELEUCID ERA,285,-27,4/13,5/12,6/10,7/10,8/8,9/7,10/7,11/5,12/5,1/3,2/2,3/4
SELEUCID ERA,286,-26,4/2,5/2,5/31,6/29,7/29,8/27,9/26,10/25,11/24,12/23,1/22,2/21,3/21
SELEUCID ERA,287,-25,4/20,5/20,6/18,7/17,8/16,9/14,10/14,11/12,12/12,1/10,2/9,3/10
SELEUCID ERA,288,-24,4/9,5/8,6/7,7/7,8/5,9/4,10/3,11/2,12/1,12/31,1/29,2/27
SELEUCID ERA,289,-23,3/29,4/28,5/27,6/26,7/25,8/24,9/23,10/22,11/21,12/20,1/18,2/17,3/18
SELEUCID ERA,290,-22,4/17,5/16,6/15,7/15,8/13,9/12,10/11,11/10,12/9,1/8,2/6,3/7
SELEUCID ERA,291,-21,4/5,5/5,6/3,7/3,8/2,8/31,9/30,10/29,11/28,12/27,1/26,2/24
SELEUCID ERA,292,-20,3/26,4/24,5/24,6/22,7/22,8/21,9/19,10/19,11/17,12/17,1/15,2/14,3/15
SELEUCID ERA,293,-19,4/14,5/13,6/12,7/11,8/10,9/9,10/8,11/7,12/6,1/5,2/3,3/5
SELEUCID ERA,294,-18,4/4,5/3,6/1,7/1,7/30,8/29,9/27,10/27,11/25,12/25,1/24,2/22,3/23
SELEUCID ERA,295,-17,4/22,5/21,6/20,7/19,8/17,9/16,10/15,11/14,12/13,1/12,2/10,3/12
SELEUCID ERA,296,-16,4/11,5/11,6/9,7/9,8/7,9/5,10/5,11/3,12/3,1/1,1/31,3/1
SELEUCID ERA,297,-15,3/31,4/29,5/29,6/27,7/27,8/26,9/24,10/24,11/22,12/22,1/20,2/18,3/20
SELEUCID ERA,298,-14,4/19,5/18,6/17,7/16,8/15,9/14,10/13,11/12,12/11,1/9,2/8,3/8
SELEUCID ERA,299,-13,4/7,5/6,6/5,7/5,8/3,9/2,10/1,10/31,11/29,12/29,1/27,2/26
SELEUCID ERA,300,-12,3/28,4/26,5/25,6/24,7/24,8/22,9/21,10/20,11/19,12/18,1/17,2/15,3/17
SELEUCID ERA,301,-11,4/16,5/15,6/13,7/13,8/11,9/10,10/10,11/8,12/8,1/7,2/5,3/7
SELEUCID ERA,302,-10,4/5,5/4,6/3,7/2,8/1,8/31,9/29,10/29,11/27,12/27,1/26,2/24
SELEUCID ERA,303,-9,3/25,4/23,5/23,6/21,7/20,8/18,9/17,10/17,11/15,12/15,1/14,2/12,3/14
SELEUCID ERA,304,-8,4/13,5/12,6/10,7/10,8/8,9/7,10/6,11/5,12/4,1/3,2/1,3/3
SELEUCID ERA,305,-7,4/2,5/1,5/30,6/29,7/29,8/27,9/26,10/25,11/24,12/23,1/21,2/20,3/22
SELEUCID ERA,306,-6,4/20,5/20,6/18,7/18,8/16,9/15,10/15,11/13,12/13,1/11,2/9,3/10
SELEUCID ERA,307,-5,4/8,5/8,6/6,7/6,8/5,9/3,10/3,11/1,12/1,12/30,1/29,2/27
SELEUCID ERA,308,-4,3/29,4/27,5/27,6/25,7/25,8/24,9/22,10/22,11/20,12/20,1/18,2/17,3/18
SELEUCID ERA,309,-3,4/17,5/16,6/15,7/14,8/13,9/12,10/11,11/10,12/9,1/8,2/6,3/8
SELEUCID ERA,310,-2,4/7,5/6,6/4,7/4,8/2,9/1,10/1,10/31,11/29,12/29,1/27,2/26
SELEUCID ERA,311,-1,3/26,4/24,5/24,6/22,7/22,8/20,9/19,10/18,11/17,12/17,1/15,2/14,3/16
SELEUCID ERA,312,1,4/14,5/13,6/12,7/11,8/10,9/8,10/8,11/6,12/6,1/4,2/3,3/4
SELEUCID ERA,313,2,4/3,5/2,6/1,6/30,7/30,8/29,9/27,10/27,11/25,12/25,1/23,2/22,3/23
SELEUCID ERA,314,3,4/22,5/21,6/20,7/19,8/18,9/17,10/16,11/15,12/14,1/12,2/11,3/11
SELEUCID ERA,315,4,4/10,5/10,6/8,7/8,8/6,9/5,10/4,11/3,12/2,1/1,1/30,3/1
SELEUCID ERA,316,5,3/30,4/29,5/28,6/27,7/27,8/25,9/24,10/23,11/22,12/21,1/20,2/18,3/20
SELEUCID ERA,317,6,4/18,5/18,6/16,7/16,8/14,9/13,10/13,11/11,12/11,1/9,2/8,3/9
SELEUCID ERA,318,7,4/8,5/7,6/6,7/5,8/4,9/3,10/2,11/1,12/1,12/30,1/29,2/27
SELEUCID ERA,319,8,3/28,4/26,5/25,6/24,7/23,8/22,9/20,10/20,11/19,12/18,1/17,2/16,3/17
SELEUCID ERA,320,9,4/16,5/15,6/13,7/13,8/11,9/10,10/10,11/8,12/7,1/6,2/5,3/7
SELEUCID ERA,321,10,4/5,5/5,6/3,7/2,8/1,8/30,9/29,10/28,11/27,12/26,1/25,2/23
SELEUCID ERA,322,11,3/25,4/23,5/23,6/22,7/21,8/20,9/18,10/18,11/16,12/16,1/14,2/13,3/13
SELEUCID ERA,323,12,4/12,5/11,6/10,7/9,8/8,9/7,10/6,11/5,12/4,1/3,2/1,3/3
SELEUCID ERA,324,13,4/1,5/1,5/30,6/29,7/28,8/27,9/26,10/25,11/23,12/23,1/21,2/20,3/21
SELEUCID ERA,325,14,4/20,5/19,6/18,7/18,8/16,9/15,10/14,11/13,12/12,1/11,2/9,3/11
SELEUCID ERA,326,15,4/9,5/9,6/7,7/7,8/6,9/4,10/4,11/2,12/2,12/31,1/30,2/28
SELEUCID ERA,327,16,3/29,4/27,5/27,6/25,7/25,8/23,9/22,10/22,11/20,12/20,1/18,2/16,3/18
SELEUCID ERA,328,17,4/17,5/16,6/15,7/14,8/13,9/12,10/11,11/10,12/9,1/7,2/6,3/7
SELEUCID ERA,329,18,4/6,5/6,6/4,7/4,8/2,9/1,10/1,10/30,11/28,12/28,1/26,2/25
SELEUCID ERA,330,19,3/27,4/25,5/24,6/23,7/23,8/21,9/20,10/19,11/18,12/17,1/16,2/14,3/15
SELEUCID ERA,331,20,4/14,5/13,6/11,7/11,8/10,9/8,10/8,11/6,12/6,1/4,2/3,3/4
SELEUCID ERA,332,21,4/3,5/2,6/1,6/30,7/30,8/28,9/27,10/26,11/25,12/25,1/23,2/22,3/23
SELEUCID ERA,333,22,4/21,5/21,6/20,7/19,8/18,9/16,10/16,11/14,12/14,1/13,2/11,3/12
SELEUCID ERA,334,23,4/11,5/10,6/9,7/9,8/7,9/6,10/5,11/4,12/3,1/2,1/31,3/2
SELEUCID ERA,335,24,3/30,4/29,5/28,6/27,7/27,8/25,9/24,10/23,11/22,12/21,1/20,2/18,3/19
SELEUCID ERA,336,25,4/18,5/18,6/16,7/16,8/14,9/13,10/13,11/11,12/11,1/10,2/8,3/10
SELEUCID ERA,337,26,4/8,5/7,6/6,7/5,8/4,9/2,10/2,11/1,11/30,12/30,1/28,2/26
SELEUCID ERA,338,27,3/28,4/26,5/26,6/25,7/24,8/23,9/21,10/21,11/19,12/19,1/17,2/16,3/16
SELEUCID ERA,339,28,4/15,5/14,6/13,7/12,8/11,9/10,10/9,11/8,12/7,1/6,2/4,3/6
SELEUCID ERA,340,29,4/5,5/4,6/2,7/2,7/31,8/30,9/29,10/28,11/27,12/26,1/24,2/23
SELEUCID ERA,341,30,3/25,4/23,5/23,6/21,7/21,8/19,9/18,10/17,11/16,12/16,1/14,2/12,3/14
SELEUCID ERA,342,31,4/12,5/12,6/11,7/10,8/9,9/7,10/7,11/5,12/5,1/3,2/2,3/2
SELEUCID ERA,343,32,4/1,4/30,5/30,6/28,7/28,8/27,9/26,10/25,11/23,12/23,1/21,2/20,3/21
SELEUCID ERA,344,33,4/19,5/19,6/17,7/17,8/16,9/15,10/15,11/13,12/12,1/11,2/9,3/11
SELEUCID ERA,345,34,4/9,5/9,6/7,7/7,8/5,9/4,10/4,11/2,12/2,12/31,1/29,2/28
SELEUCID ERA,346,35,3/30,4/28,5/27,6/26,7/26,8/24,9/23,10/22,11/21,12/20,1/19,2/17,3/18
SELEUCID ERA,347,36,4/17,5/16,6/15,7/14,8/13,9/11,10/11,11/9,12/9,1/7,2/5,3/7
SELEUCID ERA,348,37,4/6,5/5,6/4,7/3,8/2,9/1,9/30,10/30,11/28,12/28,1/26,2/24
SELEUCID ERA,349,38,3/26,4/25,5/24,6/23,7/22,8/21,9/20,10/19,11/18,12/17,1/15,2/14,3/15
SELEUCID ERA,350,39,4/14,5/13,6/12,7/12,8/10,9/9,10/8,11/7,12/6,1/5,2/3,3/4
SELEUCID ERA,351,40,4/2,5/2,6/1,6/30,7/30,8/28,9/27,10/26,11/25,12/24,1/23,2/21,3/23
SELEUCID ERA,352,41,4/21,5/21,6/19,7/19,8/17,9/16,10/16,11/14,12/14,1/12,2/11,3/12
SELEUCID ERA,353,42,4/10,5/10,6/9,7/8,8/7,9/6,10/5,11/4,12/3,1/2,1/31,3/1
SELEUCID ERA,354,43,3/31,4/30,5/29,6/28,7/27,8/26,9/24,10/24,11/22,12/22,1/20,2/19,3/19
SELEUCID ERA,355,44,4/18,5/17,6/16,7/16,8/14,9/13,10/12,11/11,12/10,1/9,2/7,3/9
SELEUCID ERA,356,45,4/8,5/7,6/5,7/5,8/4,9/2,10/2,10/31,11/30,12/29,1/28,2/26
